-- Generation time: Sat, 08 Aug 2020 03:03:18 +0000
-- Host: mysql.hostinger.ro
-- DB name: u574849695_22
/*!40030 SET NAMES UTF8 */;
/*!40101 SET @OLD_CHARACTER_SET_CLIENT=@@CHARACTER_SET_CLIENT */;
/*!40101 SET @OLD_CHARACTER_SET_RESULTS=@@CHARACTER_SET_RESULTS */;
/*!40101 SET @OLD_COLLATION_CONNECTION=@@COLLATION_CONNECTION */;
/*!40103 SET @OLD_TIME_ZONE=@@TIME_ZONE */;
/*!40103 SET TIME_ZONE='+00:00' */;
/*!40014 SET @OLD_UNIQUE_CHECKS=@@UNIQUE_CHECKS, UNIQUE_CHECKS=0 */;
/*!40014 SET @OLD_FOREIGN_KEY_CHECKS=@@FOREIGN_KEY_CHECKS, FOREIGN_KEY_CHECKS=0 */;
/*!40101 SET @OLD_SQL_MODE=@@SQL_MODE, SQL_MODE='NO_AUTO_VALUE_ON_ZERO' */;
/*!40111 SET @OLD_SQL_NOTES=@@SQL_NOTES, SQL_NOTES=0 */;

DROP TABLE IF EXISTS `contract`;
CREATE TABLE `contract` (
  `contractId` varchar(100) CHARACTER SET utf8 NOT NULL,
  `houseId` varchar(100) CHARACTER SET utf8 DEFAULT NULL,
  `customerId` varchar(100) CHARACTER SET utf8 DEFAULT NULL,
  `start_at` timestamp NOT NULL DEFAULT current_timestamp(),
  `end_at` timestamp NOT NULL DEFAULT current_timestamp() ON UPDATE current_timestamp(),
  PRIMARY KEY (`contractId`),
  KEY `houseId` (`houseId`),
  KEY `customerId` (`customerId`),
  CONSTRAINT `contract_ibfk_1` FOREIGN KEY (`houseId`) REFERENCES `rentedhouse` (`houseId`),
  CONSTRAINT `contract_ibfk_2` FOREIGN KEY (`customerId`) REFERENCES `customer` (`customerId`)
) ENGINE=InnoDB DEFAULT CHARSET=utf8 COLLATE=utf8_unicode_ci;

INSERT INTO `contract` VALUES ('016ee4cc-efbb-32ff-a2ee-e9834fdc546f','1a720995-2252-352b-b5e0-e52442de7a9e','0f1eaaeb-c53f-3804-a4d4-5854823c8c82','1978-01-21 17:45:18','2020-08-08 03:02:34'),
('02f99ab9-62d1-3322-bcf0-699d403e15c4','fe45ad2e-f941-36da-a452-f4aaa188eca0','fd7e123c-07fb-318c-af74-9cff34fef9c4','2013-05-24 05:52:33','2020-08-08 03:02:34'),
('06ee62d3-c0bc-3018-9595-337482f4097a','e648b1e8-b794-3b92-8c9c-e406cbab3cb9','dd05bc4c-cb48-3ffe-a02c-51943c685b00','2014-02-05 19:57:55','2020-08-08 03:02:34'),
('082545da-9966-393e-b15b-7affc434c5ba','9fbfc557-2a71-3e63-bf02-b25d52a4331f','8eb37604-a244-353e-9a09-83d9a066c801','1985-02-05 06:06:26','2020-08-08 03:02:34'),
('09012cab-ff4c-3059-899d-c443e65d068a','acec6409-f593-31b2-a3e7-1a5a65473015','95a6e3a6-bf13-364c-a34a-d5f4b75c9c89','1988-11-22 01:56:28','2020-08-08 03:02:34'),
('0eef8fc3-a265-3c88-b2e8-371d77e0eebd','0ee3d6e8-bc8b-3bd6-b52f-3a0f0fc98292','0ce2b7c6-0e35-3422-9c94-c61055c8d504','2003-03-06 21:56:39','2020-08-08 03:02:34'),
('138d4d7e-c38f-3076-9490-c7b0f65748b7','2a95824c-a750-3c49-9746-7bed03319f65','263dd7ec-e3db-33e9-aea0-44d5a7ce234d','1987-10-12 14:27:03','2020-08-08 03:02:34'),
('14d2f989-ac58-321a-9067-f8491ef502b0','081c9170-da2b-3db3-9b6e-4f811c12362d','025111a8-e6cb-31cc-a751-c8f558dbae8c','2018-05-03 19:27:15','2020-08-08 03:02:34'),
('14d3dbc9-62e0-306b-8e5b-7d00278079d3','a7debe46-440a-3a3d-b183-4259fa627c16','936fffbc-82e1-3795-98b3-46bfdad45ff3','1986-09-25 21:37:06','2020-08-08 03:02:34'),
('1aeeeb8f-82ae-3b62-9f9f-b2b5a1da31f8','dc97a398-376b-3cfa-8c93-636f437ad6b1','d070d8f3-bdd6-3b0a-886f-b350a52963b6','1980-01-19 15:33:23','2020-08-08 03:02:34'),
('1b285f65-1a24-3693-b4e4-3e8937691f9e','5e2dd57a-54f8-301b-aca7-acdf84e70b29','5698f45f-44f9-3db6-bfc9-1d7e7901af83','1979-08-11 12:49:16','2020-08-08 03:02:34'),
('1c88f3e0-7bfa-34bf-9316-827e3b41022f','a841e984-eb5a-3143-bdd5-fe23746195f4','937fdf13-e0ba-3c9f-9aa6-8b4b2a94a0f6','2008-05-19 12:32:47','2020-08-08 03:02:34'),
('1c9ce0fa-ef06-3ff2-accc-d167d67f072d','e602a1a6-b855-337b-aec2-df028c760278','dcb30356-25c8-3c6d-9ac8-ce7b87d0640c','1984-03-31 13:50:38','2020-08-08 03:02:34'),
('1d163992-202b-3a3e-beaa-eb44a23b9407','57df8594-d979-3661-97f6-be906dc5cd6b','4e5a5b91-7ec6-3c57-a44d-87d1acebde61','1994-12-30 20:22:13','2020-08-08 03:02:34'),
('1f5941ca-3b30-3312-8d85-3847bbd7809f','bd97b920-e988-3eea-aab3-eda7050c9ee6','a92113bb-93a2-3885-b4cc-44a591af963f','2011-06-17 12:14:40','2020-08-08 03:02:34'),
('1f7bb4d1-8ae4-3ce3-9a55-511656e0836c','c1a2954c-e2df-32d2-8996-0f8c42e52da0','b18f36ff-4c5a-3d5a-9e6b-ec5a41be5cf0','2014-04-16 04:47:24','2020-08-08 03:02:34'),
('22fcfe2b-0f41-30b7-8fdc-e99a39dabc6f','e0188260-9c7e-356c-8488-2599980707e5','d0a43857-37aa-35f4-8a53-106602967e7b','1991-11-07 23:24:39','2020-08-08 03:02:34'),
('24b11730-4f87-3ec0-b99d-e30554e3b5fc','8cfcc623-7192-3e00-869a-262a87b1f176','7b67ab30-3fde-31e9-8e9f-8f69e684cd21','2012-12-16 23:48:20','2020-08-08 03:02:34'),
('33b99e9c-5a13-3fd5-a86d-78fbed9a7f5f','0c5e729f-7f59-356d-b6ee-321fafdeedf0','0515de20-9983-36b0-842a-89ae14aac52c','1983-01-05 20:05:33','2020-08-08 03:02:34'),
('33e17cc0-f49f-3cd7-9c4d-e33041064376','6686cd61-5a0f-3992-afbf-e39ff28b9da1','62c3d290-04b7-3e41-9554-85141133e00b','2015-12-16 10:54:38','2020-08-08 03:02:34'),
('35e3ae48-ea02-31ce-b0fe-a8361cc294a2','831a3a84-2ee5-3eb7-bc20-8d3c6ef38ad6','710828de-3e09-3673-be43-a04cdfaef1db','1997-07-15 19:59:43','2020-08-08 03:02:34'),
('377c1a1d-84cd-3d9b-8b1e-b11035f49446','c975d4b8-b57d-3676-a37c-52c4aa3a2045','b488276e-ac78-3acd-b438-f2de9085919e','1978-04-07 07:19:54','2020-08-08 03:02:34'),
('3a94f844-6043-36dc-96fb-b74ec2998262','c50acac3-3ed9-345b-9f52-259e3009f222','b2c9d5a6-604d-376f-ad34-4bbb58da55b8','2000-07-12 07:06:11','2020-08-08 03:02:34'),
('3c0b074e-5913-3b9c-9f9c-d5bd8a67fac5','5e3e73d7-540a-399a-a217-b8d2898bacbb','57f58169-8440-3906-a394-7daebecd768f','2008-03-14 19:00:07','2020-08-08 03:02:34'),
('408b5cbb-7b71-328c-9198-a371015d0e36','044784b2-61a0-355c-8121-af848f19c945','0177604f-15b6-3add-8a81-1044909e4e14','1974-08-04 12:02:18','2020-08-08 03:02:34'),
('40e1b91b-6dd1-3133-a43d-0fa8c3674a75','bc610e0b-cb7a-3303-8b1b-220332aeaf1b','a8d5bfe1-e572-3ce2-a0a9-5cc183fd8c34','2000-10-30 20:28:49','2020-08-08 03:02:34'),
('421f14c6-efff-3420-917f-8cb52eb38e03','7e60e7f0-2d03-31ab-8e23-238f98a4f43a','69008b23-a4d7-3951-b55d-7107d6c63690','1973-08-30 08:30:08','2020-08-08 03:02:34'),
('44b1a089-bad4-3f0f-b612-ae292f1a4155','f5d5dda3-a3a6-3187-ba66-77cdf5c2a4e0','f4eb73ac-1637-3685-bc37-a6fb29d4e829','2016-11-19 14:09:39','2020-08-08 03:02:34'),
('4534ebe2-f5ab-3324-a0af-872347bebd72','814afe98-d806-35a1-9102-82504749084f','6d748db3-1a46-38ea-b64c-09de137bc017','2017-10-25 05:57:15','2020-08-08 03:02:34'),
('48000dd5-1c5e-32f5-91dc-951a34a067c4','5365cb75-0757-3308-bc7a-61da35063f39','3cdf9fa8-807a-3640-bc43-d2c487070112','2017-07-05 20:25:54','2020-08-08 03:02:34'),
('4a648917-029b-3584-912c-0faa6eb8d8fd','d233497e-9eb3-3cc0-a806-dfcdf93caaee','c7b42b5d-e598-3c85-aaec-29dd983a0be8','1985-08-22 18:30:54','2020-08-08 03:02:34'),
('511dc8ae-ffdc-3b70-a768-8c73ff163aca','605be36a-d390-3e49-9e24-b7fccdd47073','585ea26e-d76f-36a7-9d00-f9e2e96cc9a1','1992-08-02 11:18:40','2020-08-08 03:02:34'),
('521bd58e-299e-3a2b-8ce4-8c1b75297e1b','ff0e4b24-35d7-38b1-b7d2-8bea5ec34f64','ff767b4c-5e75-3aa5-b342-84285b4ddc3a','2000-08-02 21:12:54','2020-08-08 03:02:34'),
('5a2f9fc0-ff02-369e-af5d-f510bba884c0','a76db191-335f-3a91-b03f-75192ee6c9cd','927afd0f-667f-3415-9ca1-d10cd142aa90','1979-05-25 21:18:14','2020-08-08 03:02:34'),
('639c329c-53e2-34b2-9154-646b6deafcc7','81323eff-8f5c-3798-a5ef-255e5f49164f','692f6ae8-47ed-34ea-a7ca-7690b75d35a6','1976-04-05 00:06:58','2020-08-08 03:02:34'),
('64c8f62f-0f2f-3e26-91e2-ad12c0cd7ad7','7fabb2c2-89e0-3136-83ee-5aebdae5b565','690bf8dc-d85e-3e7d-a4d3-66a229c4ef65','1996-08-01 13:12:50','2020-08-08 03:02:34'),
('68792ecd-5ffb-399b-82e2-953e63b49302','b173c2a7-e751-375b-a521-4053176f9a24','97ff1abd-585b-3f02-87b1-129848556db9','1983-05-03 22:25:38','2020-08-08 03:02:34'),
('6b19ed13-0ce4-3cc2-ae92-e224ccf55fdd','a5361638-6d0b-3128-96b5-9f4c08f66fcf','91baf06a-91a2-3c8b-a58c-173de94fdb66','1983-10-25 01:59:18','2020-08-08 03:02:34'),
('6d8745a6-a4da-36e8-adaf-33626fca44cb','395da89f-b574-325c-823a-3b7982397c19','2b92cf3e-2618-31bc-9113-7707c318871a','1984-06-14 23:45:37','2020-08-08 03:02:34'),
('70f42cc3-baa0-35e3-8faf-c0514e1c8ad7','253007ea-77b0-335f-bdb0-103f1729050f','203ea107-150a-3eda-a60f-a534ef16040c','1989-01-07 01:10:45','2020-08-08 03:02:34'),
('757353a4-8745-3688-a160-02aa1ebee02e','d6bfe49a-9654-37d6-a557-e2dead79d40e','cc033b87-057f-3761-a067-ece085f65213','2019-07-03 22:09:32','2020-08-08 03:02:34'),
('78350300-aef2-339d-9a0b-e1b6b273a903','e7cded66-b7ea-3287-8fbe-fc9a28909eb1','e8047824-7a15-3ebb-b394-84c1b7cce263','1972-02-28 11:24:24','2020-08-08 03:02:34'),
('79f1454b-0c73-3804-9abf-36f1097e2e4f','da0b02c6-4247-37bc-aa11-253fc58c706f','cc85f74c-7053-3f08-a704-9269ffaadebb','1972-05-11 13:52:15','2020-08-08 03:02:34'),
('7cccda39-f125-3283-b9dd-00a564268264','632d5bb6-0de5-3e83-afee-dfdac9e3f841','5aa0c34a-87d2-3ab9-ad51-2e867ff4a23c','2010-09-30 01:25:07','2020-08-08 03:02:34'),
('7d05d6dd-44cf-32c3-8069-f52ff8be4889','0eacc2a2-cc57-312a-a573-2162de420f54','09041c91-a1e7-359b-a190-a2f749186742','2015-02-27 20:58:53','2020-08-08 03:02:34'),
('7f10772a-5006-3962-902d-b28d41e1e98b','c9d9655b-ca6b-3b88-80aa-f54b63857ef7','bb95ec42-8f0a-3793-b376-0149e195f344','1976-07-30 08:20:45','2020-08-08 03:02:34'),
('8441db54-9962-31b1-b9da-fe3143d539f3','5526b1bc-53ea-3eb5-a36a-58ab7561a456','4a841ed6-cb0f-39b0-a8a0-15efe74f2dde','1977-04-26 04:08:55','2020-08-08 03:02:34'),
('849cf730-f427-372e-9e4c-c5db70ca6f3d','87086bde-845d-30c5-aee3-9adecd6c1e85','761a5b46-e12c-31c8-8d6f-b8952666d2c4','1971-06-02 09:10:01','2020-08-08 03:02:34'),
('855ad506-485f-3943-b6fd-01b1f27d798f','2297d775-3a45-33d1-86f6-4556ebbf41b2','1cac2f85-8dc3-3122-86c8-ec0527a6bd1a','1978-04-28 05:22:39','2020-08-08 03:02:34'),
('890ec747-dc5b-3e70-bd7f-0e81c8338c61','cf6e1d4c-7732-3248-b3dc-6152f9c949c1','c4326315-aec6-3a67-a6de-4c05301ff2c7','2001-10-03 09:14:57','2020-08-08 03:02:34'),
('8b0a9159-0351-3d92-a979-41a2085afdea','22c20f02-4efd-31d8-8ac2-d44236c2ddc3','1cdbd7a8-a453-3f97-97d0-5228cf6867cd','1970-11-12 14:52:42','2020-08-08 03:02:34'),
('8b4eafbc-7e7b-31d6-9f9e-a12fdf7726bb','fb494948-870b-3dfb-ba98-8ce518ab91fa','fd51c4ab-2048-3e8a-bdbe-f8c792b7f6fe','1993-01-20 19:13:07','2020-08-08 03:02:34'),
('8bf0ac3c-c30d-3128-9c30-bd3ef6067de8','25b47def-33df-33e6-a69e-8da9b2947bf8','229f2f55-f4d4-3808-9f31-5bb4974bc802','2005-11-26 04:29:04','2020-08-08 03:02:34'),
('8ca404c6-a2c9-3746-be9d-9fcee7cca993','0c4f9154-00c7-336e-b7bb-1ba0a64a4c32','03a08a1c-a48d-3e13-b4cf-cf6dd3a360a5','2008-08-03 22:30:56','2020-08-08 03:02:34'),
('9250f4d7-776f-3d76-87c3-eb435b09c3b7','eafd874a-2f60-3850-865e-8c21ee3e30ee','e87a86d4-e8b5-3116-809d-a76980ae5abc','2015-05-09 11:43:48','2020-08-08 03:02:34'),
('953e6a5c-1aaf-3a0d-b1b6-35373e366f7a','15a2dc3b-134d-3877-b808-811a965b1695','0e4088d9-3653-3a9f-9a7d-5839b9c648ba','1999-11-26 17:49:28','2020-08-08 03:02:34'),
('96ec6a8c-eeb0-3ff9-9859-99e8695b5e57','f60bfdae-b921-3382-882d-7bf7afd74244','f7c28159-7fbf-3f6c-bcf0-6344d6a7682f','1978-08-02 16:32:13','2020-08-08 03:02:34'),
('9b28c924-a7a1-326c-b316-41fff45b7fe6','8fad3229-1b64-30b6-9b9b-03453f293218','7ef0aef9-084a-3f8e-a5ae-069fc9f78f56','2005-07-25 15:30:19','2020-08-08 03:02:34'),
('9e61fec0-7372-37d8-8cac-b959c7356f64','458f1d52-219e-3a24-ac1b-9e7db4854a2c','3213aca6-8de9-380c-aa62-9bb42810c042','1990-04-10 00:13:51','2020-08-08 03:02:34'),
('a2fa1190-cb67-3c50-b16f-7aad4a245a25','bb01d826-4195-34de-a68c-4f28ec777156','a73ff6a1-c396-3ab5-b07b-221403f0049c','1988-11-07 11:56:31','2020-08-08 03:02:34'),
('a4ed9648-6b46-3f80-a936-706dfb4081c8','a151eb6f-d767-3ab5-860f-1a45e6be0350','917644d0-8a21-3e82-8ca0-68ed15f64ffc','1998-11-14 18:38:18','2020-08-08 03:02:34'),
('a86a473c-1bef-3396-a648-a3c862a61181','4c4a587b-259a-3fd8-ba16-cbe0cbc10cc0','38c17012-0a7f-36fc-b418-92e75f033ce5','1971-11-16 15:28:04','2020-08-08 03:02:34'),
('a88dedc9-547c-3088-853e-2fac4c9544ec','e6ebe455-2322-3319-8e47-b7e7b5cd54d6','e6c9c89d-ea07-3389-b317-d2c20cf15f16','1991-07-23 17:47:10','2020-08-08 03:02:34'),
('aa47cf7b-03f0-37ce-912b-709ed2b97ae3','874c3ebd-8391-326d-b099-1e928d3bc9d1','77271581-609b-34dd-9e63-6f5638d24c0a','1978-04-14 06:07:05','2020-08-08 03:02:34'),
('ab2ddbe4-def9-3340-b08d-4dc80bc9f191','e67ab348-3b3b-333b-99b6-1282fe544f60','e5b79722-bd4c-33c9-a7e8-93d494997c73','2019-09-04 13:39:25','2020-08-08 03:02:34'),
('ac9d778d-d675-37a4-8343-9dcc52029709','480faa33-c99f-3a44-9a01-f124b4643778','331b4bae-07ab-3c6b-aebc-4db0f81a3660','1982-07-20 23:43:33','2020-08-08 03:02:34'),
('ae385843-4990-334f-ae05-37f48b4a6c16','ed671756-e131-3481-8981-7a8faf59922d','ee487c5b-e6e2-3783-b998-c69327fe8c04','2006-02-09 10:56:52','2020-08-08 03:02:34'),
('af948fe2-cc2a-33a5-8954-b5696fbb88e9','c13f1ed6-3ac3-3d13-902a-40ca7efb12d2','b117f10e-4f62-35f2-bf49-6eb5923efcf0','1995-06-11 12:44:55','2020-08-08 03:02:34'),
('b41e4601-e667-36f6-878a-9f77cf579a2c','93d6b350-f8ba-35fe-99e4-48917027cd50','8434bf30-a9fb-3e90-bdf3-9967d2f0df51','1974-07-29 22:35:06','2020-08-08 03:02:34'),
('b49f6ca3-d22a-37f6-b3e5-cffc050f73ae','f73d8e07-582c-3991-85d2-5c653527d647','fb23b009-4122-3131-8942-869cba117d6a','1994-08-28 23:15:35','2020-08-08 03:02:34'),
('b5242a33-90d7-3293-8712-2c3157e7365b','b7436151-719f-33ea-850a-a568409fc8f2','99c9de7c-1e77-3c2e-9aec-3a532f449f92','2016-11-06 00:02:47','2020-08-08 03:02:34'),
('b698dc60-c4bf-3df8-ae65-77eb305df128','f083886c-14b0-324d-8d51-c046aa08b9e2','f4208eee-b952-357e-bebf-017ad4ee3498','1979-10-26 08:08:33','2020-08-08 03:02:34'),
('bcee8640-d00d-362c-9f29-4542b29df040','5bb83b34-a914-32e4-8027-c3891ed4fa6f','56530a89-aacd-3d31-a657-4ce30d308fac','2000-10-29 18:35:01','2020-08-08 03:02:34'),
('be9668f6-51e3-3b94-8593-f26ce3e2aa69','8929a012-5d94-3a52-a75c-43e7c0b16281','7976f824-56f9-3185-82f7-685f03b518a3','2016-08-08 15:36:16','2020-08-08 03:02:34'),
('c11c0bfb-9494-36ce-a3a0-7535bec22707','525d7117-fa14-3038-a829-28d9ff2d4b47','3a28fdf2-6707-3e8b-a094-f1742ec2b30b','1989-08-20 20:10:00','2020-08-08 03:02:34'),
('c6cff315-6e79-33fb-a8ad-b78ba24f4e04','ed3c5b83-9d1b-315a-bf52-3f15a62566ab','eccb168b-546e-3ec8-97ee-6b942f4372ba','1974-11-21 09:25:40','2020-08-08 03:02:34'),
('cb09b6fd-4bdb-3e9d-9afb-e76457982fd1','44b79f7d-08fc-38c9-82e0-fdec52809f3c','2edc1e55-b1c5-3736-bd5f-bb4c5c6dc08b','2020-02-19 07:46:09','2020-08-08 03:02:34'),
('cc3ff8c1-586f-34a7-92c9-8e5f26880759','35e23095-65d0-3110-8b63-ef2318f563ab','26ebe0f3-6ea6-375c-99e9-47b334dee862','1995-03-03 06:40:40','2020-08-08 03:02:34'),
('cff15e2e-58ce-344c-91dd-dea4a8d834f0','9dc6fbae-056c-3eae-a802-4edf51324be9','857ad548-4138-3a0f-96d6-78b02cb3dfb6','2000-07-17 22:50:46','2020-08-08 03:02:34'),
('d34cc713-b775-3a70-b82f-0d8210d39a61','ed938a8f-aa5e-34af-8cab-8320156ef7ef','f24b88dd-cbb0-31ab-a300-791948b5486b','1984-07-05 09:07:27','2020-08-08 03:02:34'),
('d416f622-f1a3-32d9-b6b3-86b3d70d6061','1c965f3f-7c44-3e03-94b3-e709ce63870d','174151c1-c8fa-33ba-8b47-e8cd9ee2a0a0','1993-12-18 23:58:42','2020-08-08 03:02:34'),
('d44d4a2c-1e40-33cb-a7ed-9e5cbb1fce75','26e56f48-79cf-3f30-8df4-6a26fe8aea19','22d56b8b-072a-34fa-8b7d-02cb876e6183','1995-02-12 05:25:11','2020-08-08 03:02:34'),
('d4a58fbf-6f89-3f6a-9fd0-ab649db6fa3b','bc625660-efc2-3bca-be7d-a6ee7fe772c1','a8ffe04d-dbfb-3fb1-a8b7-2654a681bc80','2010-12-15 20:10:27','2020-08-08 03:02:34'),
('d4ce45ae-9b7a-35ad-9993-0b829ccda52a','caf33e47-db7e-3783-ad28-c2ed7536bf71','be376579-9dd6-3169-aff3-fe0de9429dfc','1993-08-14 07:26:30','2020-08-08 03:02:34'),
('d59e72df-f248-3d14-a914-1974b59b0f86','1e6a6703-d7b9-36fc-afec-124a37924b98','180ad090-f437-33e5-ac18-dc2d26c1f127','2000-02-03 03:18:12','2020-08-08 03:02:34'),
('d7405419-7e23-39b4-852f-ebbd28848bb8','ce93dc90-ceda-37b7-b529-e2eaa7367565','c3a8e38d-f175-3aa3-a498-ffd5161ea26b','2011-07-04 10:43:15','2020-08-08 03:02:34'),
('d80dd54f-bc20-37cb-9db7-1024dfb22869','077d4e43-abf2-3995-a4fc-e8f939f77b87','01dd76b5-a041-3d66-85ab-e54dbf3e25ec','2019-03-16 23:11:37','2020-08-08 03:02:34'),
('d8d0c8b2-0e5a-336c-a590-6a41371ca06b','d51a8903-0270-3210-81ff-009b4b489e89','c80a5a69-53e5-3788-acfd-cfb09fc9a30b','1990-07-14 08:25:11','2020-08-08 03:02:34'),
('dc07e51c-b914-34a0-9f92-3c4844b79360','440d7a24-ab7c-33a2-913d-97c6fa5394fd','2d8767b1-6042-39ee-b067-11e9d552a184','2016-10-12 00:12:10','2020-08-08 03:02:34'),
('e183b042-b434-3152-8699-c4b390d4a9d7','392a49ba-44ea-3646-a152-2ee0c468883d','28b611bb-592b-3308-bbe6-46d6ef7c7c68','2011-07-31 16:26:30','2020-08-08 03:02:34'),
('e37be6e9-0364-35b2-8183-4bb258383020','8d301d1e-e1c5-39c1-b86e-7388e864ba78','7d19388b-0270-3698-9ba8-47fb4561f1ea','1973-07-05 17:59:22','2020-08-08 03:02:34'),
('e76332d7-fca7-323b-bb44-46d2c5bf56d7','f6b1d0ed-97a2-3f9a-b5f6-39b7e345f9c1','f7dfe73f-828d-3367-b6fa-ea6cf9ddaaba','1970-08-03 22:11:04','2020-08-08 03:02:34'),
('edb72819-939a-3bac-89a7-a7651d190c4a','ed74fdaa-05de-397e-a441-9ae9d827782e','ef069a15-b987-36bd-8c25-059c45342bce','1977-01-14 19:52:16','2020-08-08 03:02:34'),
('ee4c23fb-f20a-3cdb-80ae-40461fc51840','1c923b24-aa40-38f9-a12d-dbf427669d3d','125c07a2-2215-3761-8e5e-7458085eff40','1999-11-03 09:20:38','2020-08-08 03:02:34'),
('eec3a13b-7300-316d-b3c1-ebb91194a84e','60ff9de4-4a2b-300a-8d5c-c39799afeee2','59c64617-884b-3a7b-beae-2792979a5538','1983-03-06 18:15:20','2020-08-08 03:02:34'),
('f0fbf425-6a6e-3920-9fe1-9945b06155bf','4b9e76cf-9d71-3ab2-8810-d7900844d261','35c209ed-32bf-3dab-be3d-3fb3e55ebae2','1999-10-18 08:38:32','2020-08-08 03:02:34'),
('f487464d-12c9-31ca-b4ed-952ea54406eb','42653edb-f1e9-39ef-aa10-01f481fdd6a8','2bb8ac67-27d7-323d-8a18-668494314309','1983-03-12 05:52:14','2020-08-08 03:02:34'),
('f602356b-f16f-37f7-84b5-b2e822ff2d0e','e34c4075-8adb-3eb9-9d32-88952a326594','db0382ad-e402-3065-a19a-c950873ab098','1992-10-21 18:20:27','2020-08-08 03:02:34'),
('f75008ba-371e-3076-9a36-446129628fd1','8496dfcb-7c35-38ee-9382-5685dfb67a01','748878fd-8f92-3562-9cd6-795f9236a559','2020-08-08 01:40:09','2020-08-08 03:02:34'),
('f9645ee6-1e86-3742-9c3a-ab89c58daf23','a96959d4-72fe-3100-bbfd-0c64274bd81e','958fd0ac-3ce6-3a2d-b433-0eefc022f3e4','2013-09-28 16:41:28','2020-08-08 03:02:34'); 


DROP TABLE IF EXISTS `customer`;
CREATE TABLE `customer` (
  `customerId` varchar(100) CHARACTER SET utf8 NOT NULL,
  `customerName` varchar(100) CHARACTER SET utf8 DEFAULT NULL,
  `phone` varchar(100) CHARACTER SET utf8 DEFAULT NULL,
  `department` varchar(100) CHARACTER SET utf8 DEFAULT NULL,
  PRIMARY KEY (`customerId`)
) ENGINE=InnoDB DEFAULT CHARSET=utf8 COLLATE=utf8_unicode_ci;

INSERT INTO `customer` VALUES ('0177604f-15b6-3add-8a81-1044909e4e14','necessitatibus','(378)369-6841x3175','Ernser-Huel'),
('01dd76b5-a041-3d66-85ab-e54dbf3e25ec','dicta','(794)854-7429x838','Altenwerth, Purdy and Howe'),
('025111a8-e6cb-31cc-a751-c8f558dbae8c','incidunt','720.876.5069x31559','Ledner PLC'),
('03a08a1c-a48d-3e13-b4cf-cf6dd3a360a5','natus','081-475-2660x82282','Ziemann, Beier and Abernathy'),
('0515de20-9983-36b0-842a-89ae14aac52c','aliquam','259.408.4205x17145','Gusikowski, Block and Leuschke'),
('09041c91-a1e7-359b-a190-a2f749186742','sit','313.928.9084','Schaefer, Smitham and Barrows'),
('0ce2b7c6-0e35-3422-9c94-c61055c8d504','omnis','292.983.9105x531','Howe, Marvin and Donnelly'),
('0e4088d9-3653-3a9f-9a7d-5839b9c648ba','eos','690-634-9133x4358','Brekke, Reinger and Yost'),
('0f1eaaeb-c53f-3804-a4d4-5854823c8c82','laborum','09531160865','Hills-Terry'),
('125c07a2-2215-3761-8e5e-7458085eff40','ut','1-130-389-0922x89961','Douglas, Green and Murphy'),
('174151c1-c8fa-33ba-8b47-e8cd9ee2a0a0','ab','1-885-553-7819x30394','Walker-Flatley'),
('180ad090-f437-33e5-ac18-dc2d26c1f127','dicta','1-140-271-4435x811','Kunde-Beier'),
('1cac2f85-8dc3-3122-86c8-ec0527a6bd1a','labore','09236245321','Kuhlman, Rutherford and Labadie'),
('1cdbd7a8-a453-3f97-97d0-5228cf6867cd','et','(383)592-6975','Schulist, Fritsch and Cartwright'),
('203ea107-150a-3eda-a60f-a534ef16040c','cumque','(999)484-4593','Carroll-Harber'),
('229f2f55-f4d4-3808-9f31-5bb4974bc802','ut','+71(1)2528599775','Bailey, Jacobs and Powlowski'),
('22d56b8b-072a-34fa-8b7d-02cb876e6183','in','915-862-0614x30896','Dooley-Hauck'),
('263dd7ec-e3db-33e9-aea0-44d5a7ce234d','aliquam','1-150-978-1778','McClure, Graham and Beatty'),
('26ebe0f3-6ea6-375c-99e9-47b334dee862','aut','822.548.4582x4906','Considine Inc'),
('28b611bb-592b-3308-bbe6-46d6ef7c7c68','rem','822-919-2935x3908','Jacobs LLC'),
('2b92cf3e-2618-31bc-9113-7707c318871a','temporibus','997-141-2582x996','Parker PLC'),
('2bb8ac67-27d7-323d-8a18-668494314309','et','+90(2)1234834442','Monahan, Collins and Lockman'),
('2d8767b1-6042-39ee-b067-11e9d552a184','nostrum','1-608-743-7661','Kub-Hoppe'),
('2edc1e55-b1c5-3736-bd5f-bb4c5c6dc08b','nihil','1-353-947-4816x338','Walter, Reinger and Feest'),
('3213aca6-8de9-380c-aa62-9bb42810c042','molestiae','1-974-125-8701x39272','Stamm Group'),
('331b4bae-07ab-3c6b-aebc-4db0f81a3660','omnis','(189)151-5995x276','Stark PLC'),
('35c209ed-32bf-3dab-be3d-3fb3e55ebae2','esse','750-510-3354','Kuvalis LLC'),
('38c17012-0a7f-36fc-b418-92e75f033ce5','dolores','1-129-692-3146x8156','Kshlerin Ltd'),
('3a28fdf2-6707-3e8b-a094-f1742ec2b30b','est','228-570-5434x48029','Beahan-Bayer'),
('3cdf9fa8-807a-3640-bc43-d2c487070112','autem','036-197-1136','Leffler-Pfeffer'),
('4a841ed6-cb0f-39b0-a8a0-15efe74f2dde','corrupti','1-918-369-4757x06360','Grimes, Daugherty and Rosenbaum'),
('4e5a5b91-7ec6-3c57-a44d-87d1acebde61','neque','1-107-499-8139','Sanford, Graham and Jacobs'),
('56530a89-aacd-3d31-a657-4ce30d308fac','eligendi','1-739-560-0155x84053','Bruen, Mosciski and Turner'),
('5698f45f-44f9-3db6-bfc9-1d7e7901af83','ab','1-491-375-2051x5840','Turcotte, Marks and Johnston'),
('57f58169-8440-3906-a394-7daebecd768f','hic','811.680.9577x5544','Rice PLC'),
('585ea26e-d76f-36a7-9d00-f9e2e96cc9a1','quidem','(585)081-2775x2284','Wolff LLC'),
('59c64617-884b-3a7b-beae-2792979a5538','architecto','209-357-4238','Hoeger Group'),
('5aa0c34a-87d2-3ab9-ad51-2e867ff4a23c','ea','1-155-180-4850','Heller Inc'),
('62c3d290-04b7-3e41-9554-85141133e00b','illum','775.529.8323x436','Upton-Schneider'),
('69008b23-a4d7-3951-b55d-7107d6c63690','qui','912-873-5971','Huel and Sons'),
('690bf8dc-d85e-3e7d-a4d3-66a229c4ef65','voluptates','(647)966-0228','Beahan, Beatty and Ryan'),
('692f6ae8-47ed-34ea-a7ca-7690b75d35a6','nam','1-017-201-5237x6455','Ruecker-Kovacek'),
('6d748db3-1a46-38ea-b64c-09de137bc017','molestiae','854.865.3803','McDermott-Schaden'),
('710828de-3e09-3673-be43-a04cdfaef1db','consequatur','758.909.9508x248','Hettinger, Greenholt and Bernier'),
('748878fd-8f92-3562-9cd6-795f9236a559','aut','+87(4)0533435138','Hills, Oberbrunner and Ernser'),
('761a5b46-e12c-31c8-8d6f-b8952666d2c4','ea','354-150-7895','Kuhlman Group'),
('77271581-609b-34dd-9e63-6f5638d24c0a','error','139-273-4134x5425','Kris, Gorczany and Murray'),
('7976f824-56f9-3185-82f7-685f03b518a3','ratione','07511493073','Lakin LLC'),
('7b67ab30-3fde-31e9-8e9f-8f69e684cd21','dicta','1-382-560-8517x64303','Kutch, Spencer and Beahan'),
('7d19388b-0270-3698-9ba8-47fb4561f1ea','optio','08053642458','Spencer-Runolfsdottir'),
('7ef0aef9-084a-3f8e-a5ae-069fc9f78f56','fuga','126.182.3676','Herzog-Kuhlman'),
('8434bf30-a9fb-3e90-bdf3-9967d2f0df51','dolorum','1-495-515-2125x80649','Haag Ltd'),
('857ad548-4138-3a0f-96d6-78b02cb3dfb6','est','477.664.7954x275','Franecki, Pacocha and Schmidt'),
('8eb37604-a244-353e-9a09-83d9a066c801','fugiat','(799)580-0369x518','Klein-Mohr'),
('917644d0-8a21-3e82-8ca0-68ed15f64ffc','cumque','+65(9)4768840931','Ankunding LLC'),
('91baf06a-91a2-3c8b-a58c-173de94fdb66','amet','1-200-262-7951x54623','Lueilwitz-Von'),
('927afd0f-667f-3415-9ca1-d10cd142aa90','et','882-001-4992x846','Ernser LLC'),
('936fffbc-82e1-3795-98b3-46bfdad45ff3','rerum','1-585-587-6513x2400','Schuppe Ltd'),
('937fdf13-e0ba-3c9f-9aa6-8b4b2a94a0f6','repudiandae','290-381-8354x676','Swift PLC'),
('958fd0ac-3ce6-3a2d-b433-0eefc022f3e4','reprehenderit','195-618-6042','Homenick PLC'),
('95a6e3a6-bf13-364c-a34a-d5f4b75c9c89','occaecati','(671)789-2270x499','Walker-Bartoletti'),
('97ff1abd-585b-3f02-87b1-129848556db9','dolorem','08201276276','Corwin-Dach'),
('99c9de7c-1e77-3c2e-9aec-3a532f449f92','repellendus','121-553-1067x8616','Bashirian, Harvey and Cartwright'),
('a73ff6a1-c396-3ab5-b07b-221403f0049c','rem','592.595.8091x9892','Brakus, Runte and Bashirian'),
('a8d5bfe1-e572-3ce2-a0a9-5cc183fd8c34','veritatis','074.403.1849x98969','Kautzer-Cummerata'),
('a8ffe04d-dbfb-3fb1-a8b7-2654a681bc80','quis','+59(1)8980080820','Ryan, Will and Gottlieb'),
('a92113bb-93a2-3885-b4cc-44a591af963f','voluptatum','01554978639','Ortiz-Goyette'),
('b117f10e-4f62-35f2-bf49-6eb5923efcf0','error','1-751-037-8339','Hahn, Bayer and Huels'),
('b18f36ff-4c5a-3d5a-9e6b-ec5a41be5cf0','sint','(180)566-5497x40610','Lebsack-Stoltenberg'),
('b2c9d5a6-604d-376f-ad34-4bbb58da55b8','aut','05818150888','Bailey and Sons'),
('b488276e-ac78-3acd-b438-f2de9085919e','fugit','(185)193-9783x661','Wolff LLC'),
('bb95ec42-8f0a-3793-b376-0149e195f344','quibusdam','657-263-5501x5752','Hermann, Schroeder and Streich'),
('be376579-9dd6-3169-aff3-fe0de9429dfc','accusamus','780-241-7837','White Ltd'),
('c3a8e38d-f175-3aa3-a498-ffd5161ea26b','qui','1-585-452-8010x48651','Trantow Group'),
('c4326315-aec6-3a67-a6de-4c05301ff2c7','sed','(835)847-3104','Zulauf, Labadie and Rice'),
('c7b42b5d-e598-3c85-aaec-29dd983a0be8','quo','040-390-5470','Howell, Cremin and Dach'),
('c80a5a69-53e5-3788-acfd-cfb09fc9a30b','enim','(028)850-4898','Prohaska-Gleichner'),
('cc033b87-057f-3761-a067-ece085f65213','ut','1-590-653-3863x764','Rippin and Sons'),
('cc85f74c-7053-3f08-a704-9269ffaadebb','corrupti','1-007-451-8338','Doyle-Roberts'),
('d070d8f3-bdd6-3b0a-886f-b350a52963b6','qui','751.147.1474x017','Kub Group'),
('d0a43857-37aa-35f4-8a53-106602967e7b','quo','1-601-383-0212','Tromp-Abshire'),
('db0382ad-e402-3065-a19a-c950873ab098','velit','1-844-292-5581x848','Langosh-Gulgowski'),
('dcb30356-25c8-3c6d-9ac8-ce7b87d0640c','omnis','523-723-0539','McLaughlin LLC'),
('dd05bc4c-cb48-3ffe-a02c-51943c685b00','corporis','+15(5)7813445988','Walter, Beier and Dare'),
('e5b79722-bd4c-33c9-a7e8-93d494997c73','est','296-970-4640x068','Haley, Emmerich and Greenfelder'),
('e6c9c89d-ea07-3389-b317-d2c20cf15f16','voluptatem','1-602-445-0796','Bergnaum, Klocko and Weber'),
('e8047824-7a15-3ebb-b394-84c1b7cce263','est','1-164-443-7250x95914','Green PLC'),
('e87a86d4-e8b5-3116-809d-a76980ae5abc','autem','141.839.2078x596','Jones, Kohler and Stracke'),
('eccb168b-546e-3ec8-97ee-6b942f4372ba','itaque','1-264-487-9579','Cormier, Nikolaus and Auer'),
('ee487c5b-e6e2-3783-b998-c69327fe8c04','corporis','971-964-8788x75440','Moen, Deckow and Kovacek'),
('ef069a15-b987-36bd-8c25-059c45342bce','velit','297-488-1193','Bergnaum-Reynolds'),
('f24b88dd-cbb0-31ab-a300-791948b5486b','repudiandae','1-894-572-3401x633','Erdman and Sons'),
('f4208eee-b952-357e-bebf-017ad4ee3498','consequatur','040-240-8573','Frami PLC'),
('f4eb73ac-1637-3685-bc37-a6fb29d4e829','aut','279-794-9861','Pfeffer-Howell'),
('f7c28159-7fbf-3f6c-bcf0-6344d6a7682f','consectetur','05437921268','Welch LLC'),
('f7dfe73f-828d-3367-b6fa-ea6cf9ddaaba','qui','308-301-5641','Botsford-Bins'),
('fb23b009-4122-3131-8942-869cba117d6a','sed','1-956-599-9214x9260','Trantow, Grimes and Ankunding'),
('fd51c4ab-2048-3e8a-bdbe-f8c792b7f6fe','ut','1-465-289-4082','Mosciski, Larson and Huels'),
('fd7e123c-07fb-318c-af74-9cff34fef9c4','qui','1-299-811-8109','Ledner PLC'),
('ff767b4c-5e75-3aa5-b342-84285b4ddc3a','rem','1-559-681-4224x4037','Crooks-D\'Amore'); 


DROP TABLE IF EXISTS `rentedhouse`;
CREATE TABLE `rentedhouse` (
  `houseId` varchar(100) CHARACTER SET utf8 NOT NULL,
  `address` varchar(100) CHARACTER SET utf8 DEFAULT NULL,
  `price` int(11) DEFAULT NULL,
  `hostName` varchar(100) CHARACTER SET utf8 DEFAULT NULL,
  PRIMARY KEY (`houseId`)
) ENGINE=InnoDB DEFAULT CHARSET=utf8 COLLATE=utf8_unicode_ci;

INSERT INTO `rentedhouse` VALUES ('044784b2-61a0-355c-8121-af848f19c945','133 Madalyn Tunnel Suite 613\nThielmouth, CO 36566-9196','5143','hic'),
('077d4e43-abf2-3995-a4fc-e8f939f77b87','220 Oberbrunner Heights\nWest Rebabury, ND 11096','16','sit'),
('081c9170-da2b-3db3-9b6e-4f811c12362d','634 Dejuan Heights Apt. 241\nErvinside, AL 30533-0365','11915','maxime'),
('0c4f9154-00c7-336e-b7bb-1ba0a64a4c32','26431 Grimes Meadows\nJovannyborough, MT 19301','63','minus'),
('0c5e729f-7f59-356d-b6ee-321fafdeedf0','81067 Wuckert Terrace Apt. 205\nO\'Haraborough, SC 31132','31590014','alias'),
('0eacc2a2-cc57-312a-a573-2162de420f54','212 Thompson Unions\nSouth Staceymouth, NC 69367','17623','perferendis'),
('0ee3d6e8-bc8b-3bd6-b52f-3a0f0fc98292','0348 Mills Villages Suite 987\nPort Mableside, VT 63708-0463','197551','sunt'),
('15a2dc3b-134d-3877-b808-811a965b1695','3274 Vincent Plains Apt. 888\nNorth Wandafort, ND 67849','1089','earum'),
('1a720995-2252-352b-b5e0-e52442de7a9e','8531 Aidan Drive\nAlexandrinetown, IA 57524-2579','655267','et'),
('1c923b24-aa40-38f9-a12d-dbf427669d3d','277 Hettinger Oval\nLake Brandiborough, NE 66824-1338','17','suscipit'),
('1c965f3f-7c44-3e03-94b3-e709ce63870d','968 Titus Plains\nPort Miracleton, VA 50008-2425','5229','illo'),
('1e6a6703-d7b9-36fc-afec-124a37924b98','9574 Velda Meadow\nAlfmouth, KY 81671-9507','79391456','et'),
('2297d775-3a45-33d1-86f6-4556ebbf41b2','39272 Nolan Points Apt. 210\nNorth Christopherton, MN 95950','585','et'),
('22c20f02-4efd-31d8-8ac2-d44236c2ddc3','49922 Schuster Club Suite 896\nWest Duncan, HI 48008-5129','23572','illum'),
('253007ea-77b0-335f-bdb0-103f1729050f','8888 Joshua Plain Suite 597\nNew Nathanielstad, SD 61671','0','qui'),
('25b47def-33df-33e6-a69e-8da9b2947bf8','757 Kiehn Locks Suite 911\nJulioville, WA 99827-0356','24334','impedit'),
('26e56f48-79cf-3f30-8df4-6a26fe8aea19','8119 Lizeth Road\nSadieburgh, MO 47888','235001','ut'),
('2a95824c-a750-3c49-9746-7bed03319f65','0160 Geovanny Mill\nWolfton, ND 41025-4432','609305990','et'),
('35e23095-65d0-3110-8b63-ef2318f563ab','128 Vena Trail Apt. 098\nSouth Annaliseton, MO 92497','128163','accusamus'),
('392a49ba-44ea-3646-a152-2ee0c468883d','594 Gislason Springs\nFranciscaville, CT 47443-2702','2658','dolores'),
('395da89f-b574-325c-823a-3b7982397c19','799 Will Rest Suite 004\nDickenston, KY 16514-8926','1877798','consequatur'),
('42653edb-f1e9-39ef-aa10-01f481fdd6a8','29420 Deshaun Way Suite 465\nHegmannside, OH 74915-3452','47040276','provident'),
('440d7a24-ab7c-33a2-913d-97c6fa5394fd','248 Hettinger Gardens Apt. 421\nNorth Matildaport, TX 26318-9341','6103923','ea'),
('44b79f7d-08fc-38c9-82e0-fdec52809f3c','916 Shemar Turnpike\nSouth Trentville, CA 50537-0159','5','voluptatem'),
('458f1d52-219e-3a24-ac1b-9e7db4854a2c','56006 Sadie Trail\nNorth Cornell, WY 69921-5710','106','illum'),
('480faa33-c99f-3a44-9a01-f124b4643778','10704 Adrien Union Suite 451\nNorth Randy, ID 87423-6101','0','autem'),
('4b9e76cf-9d71-3ab2-8810-d7900844d261','907 Howe Rapids\nLittelton, FL 85113-5346','0','quas'),
('4c4a587b-259a-3fd8-ba16-cbe0cbc10cc0','254 Karianne Mount\nEast Concepcion, NH 36345-5728','0','eum'),
('525d7117-fa14-3038-a829-28d9ff2d4b47','252 Doyle Point Suite 625\nGaylordborough, NY 05518','2643','commodi'),
('5365cb75-0757-3308-bc7a-61da35063f39','28399 Baylee Ferry\nStrackeshire, NV 19795-7202','11','dolorem'),
('5526b1bc-53ea-3eb5-a36a-58ab7561a456','199 Bruen Union Apt. 315\nGildafurt, LA 67432','238','et'),
('57df8594-d979-3661-97f6-be906dc5cd6b','69166 Sam Harbors\nChamplinburgh, IL 14710','10434','occaecati'),
('5bb83b34-a914-32e4-8027-c3891ed4fa6f','37571 Lemke Hill Apt. 068\nPowlowskishire, WY 71873','87','sit'),
('5e2dd57a-54f8-301b-aca7-acdf84e70b29','7105 Willie Streets Apt. 283\nNew Lia, RI 01495','608','consequatur'),
('5e3e73d7-540a-399a-a217-b8d2898bacbb','2416 Jovanny Club\nFloridafurt, WI 45745-3353','4511489','magnam'),
('605be36a-d390-3e49-9e24-b7fccdd47073','49118 Harmony Creek Apt. 436\nWest Jettiefurt, AR 33379','27800133','ipsum'),
('60ff9de4-4a2b-300a-8d5c-c39799afeee2','2229 Reichert Manors Apt. 051\nPort Margarett, SD 69609','0','placeat'),
('632d5bb6-0de5-3e83-afee-dfdac9e3f841','1767 Crona Vista Suite 536\nHowellside, MA 30725-4970','6','placeat'),
('6686cd61-5a0f-3992-afbf-e39ff28b9da1','1127 Bogan Spur\nCassinton, TX 63383','0','aut'),
('7e60e7f0-2d03-31ab-8e23-238f98a4f43a','2248 Jena Keys Apt. 532\nLavernland, FL 60910-6939','593','vel'),
('7fabb2c2-89e0-3136-83ee-5aebdae5b565','17239 Durgan Expressway Apt. 458\nAryannaport, ID 70842-4043','0','natus'),
('81323eff-8f5c-3798-a5ef-255e5f49164f','3402 Maude Station Suite 316\nEast Arthur, WY 18220-8358','1','aut'),
('814afe98-d806-35a1-9102-82504749084f','26170 Runolfsdottir Ports Suite 012\nNorth Frida, KS 95540','1','ut'),
('831a3a84-2ee5-3eb7-bc20-8d3c6ef38ad6','12448 Treva Crescent\nJaydenfurt, MD 33850-8403','0','quia'),
('8496dfcb-7c35-38ee-9382-5685dfb67a01','607 Friedrich Trail Suite 372\nLydiaberg, ND 39377','29','magnam'),
('87086bde-845d-30c5-aee3-9adecd6c1e85','2791 Breitenberg Unions Suite 397\nHettingerview, UT 86133-9231','0','dolores'),
('874c3ebd-8391-326d-b099-1e928d3bc9d1','245 Nader Mountains Apt. 743\nPort Braulioville, ND 95989','56','aut'),
('8929a012-5d94-3a52-a75c-43e7c0b16281','235 Lavina Glen Suite 429\nNorth Graciestad, DC 00603','12978','natus'),
('8cfcc623-7192-3e00-869a-262a87b1f176','271 Frami Street\nSengerburgh, KS 98561','5408463','et'),
('8d301d1e-e1c5-39c1-b86e-7388e864ba78','75917 Raven Island Suite 814\nNew Ozellaside, OH 65377','4658280','nihil'),
('8fad3229-1b64-30b6-9b9b-03453f293218','6681 Florine Mount Suite 411\nErvinport, UT 95846-9479','311759978','aut'),
('93d6b350-f8ba-35fe-99e4-48917027cd50','30801 Metz Square\nWillowport, DC 99212-7428','21','nesciunt'),
('9dc6fbae-056c-3eae-a802-4edf51324be9','94020 Jackie Mount\nNew Zelma, CT 74998-1102','5','id'),
('9fbfc557-2a71-3e63-bf02-b25d52a4331f','9533 Carroll Row Suite 689\nCourtneyside, GA 69445','5066567','at'),
('a151eb6f-d767-3ab5-860f-1a45e6be0350','259 O\'Reilly Ramp Suite 447\nPfannerstilltown, OR 12424','46365','labore'),
('a5361638-6d0b-3128-96b5-9f4c08f66fcf','439 Emery Mission Suite 444\nMosebury, HI 35695','191539','nisi'),
('a76db191-335f-3a91-b03f-75192ee6c9cd','55986 Amya Glens\nRoelchester, WI 98351-1597','2475','molestiae'),
('a7debe46-440a-3a3d-b183-4259fa627c16','27548 Chaim Place Suite 606\nNew Geoffreyshire, UT 84354','0','non'),
('a841e984-eb5a-3143-bdd5-fe23746195f4','878 Kessler Course Suite 250\nMarvinchester, IN 52125','12','eum'),
('a96959d4-72fe-3100-bbfd-0c64274bd81e','585 Evan Dale\nLake Kaleshire, CT 02910-1834','7208','aut'),
('acec6409-f593-31b2-a3e7-1a5a65473015','6286 Schmeler Stravenue Suite 434\nWest Anastacio, WY 30580','189','aut'),
('b173c2a7-e751-375b-a521-4053176f9a24','7744 Mayert Squares Suite 043\nMuellerland, RI 04567','6955223','quasi'),
('b7436151-719f-33ea-850a-a568409fc8f2','1574 Bayer Crossing\nBradtkechester, GA 74904-1813','89','ea'),
('bb01d826-4195-34de-a68c-4f28ec777156','57770 Shanahan Street Suite 843\nAlizashire, CA 13242-7556','0','eos'),
('bc610e0b-cb7a-3303-8b1b-220332aeaf1b','66888 Robbie Flats Apt. 503\nMarcellusport, MI 39931-0786','16396','sequi'),
('bc625660-efc2-3bca-be7d-a6ee7fe772c1','0289 Balistreri Circles\nKingbury, MI 13407','1754','enim'),
('bd97b920-e988-3eea-aab3-eda7050c9ee6','64291 Bridie Overpass Suite 727\nNorth Joanne, NY 58629','1070','aspernatur'),
('c13f1ed6-3ac3-3d13-902a-40ca7efb12d2','622 Marilie Cliff\nNew Annabelleside, MI 84079','25','dolor'),
('c1a2954c-e2df-32d2-8996-0f8c42e52da0','8638 Fritz Curve Apt. 949\nO\'Keefefort, AR 70916','2033','expedita'),
('c50acac3-3ed9-345b-9f52-259e3009f222','0466 Hansen Corners\nPort Caleville, NM 05854-8741','5','et'),
('c975d4b8-b57d-3676-a37c-52c4aa3a2045','098 Hickle Spur Suite 103\nAbbigailland, LA 72112','55','sint'),
('c9d9655b-ca6b-3b88-80aa-f54b63857ef7','9457 Jimmy Burg Apt. 651\nWest Haley, FL 17895','0','eum'),
('caf33e47-db7e-3783-ad28-c2ed7536bf71','7523 Julia Ford Apt. 644\nNew Zacharyport, HI 06718-7860','3154344','quis'),
('ce93dc90-ceda-37b7-b529-e2eaa7367565','81379 Denesik Extension\nLuciennebury, TN 47981-7042','3','iste'),
('cf6e1d4c-7732-3248-b3dc-6152f9c949c1','68671 Streich Forks\nSouth Velmaville, VA 74617','0','amet'),
('d233497e-9eb3-3cc0-a806-dfcdf93caaee','2501 Schinner Club Suite 879\nSouth Angushaven, MN 17697-4351','0','ipsam'),
('d51a8903-0270-3210-81ff-009b4b489e89','22304 Hettinger Walk Apt. 152\nYosthaven, TN 52137','0','a'),
('d6bfe49a-9654-37d6-a557-e2dead79d40e','5455 Elias Track Suite 924\nWest Marie, KY 98773-6552','345','nam'),
('da0b02c6-4247-37bc-aa11-253fc58c706f','871 Jalyn Mill Suite 731\nNew Augustinefort, GA 34981-7905','43082735','suscipit'),
('dc97a398-376b-3cfa-8c93-636f437ad6b1','02578 Mertz Union\nJamesonport, AL 63353-6343','668822','in'),
('e0188260-9c7e-356c-8488-2599980707e5','3963 Luettgen Harbor\nConsueloside, MD 70652','667960068','quasi'),
('e34c4075-8adb-3eb9-9d32-88952a326594','102 Cortez Corners\nEast Margarette, IA 31496-7818','0','laboriosam'),
('e602a1a6-b855-337b-aec2-df028c760278','07708 Shields Wells\nSouth Kristinborough, KY 28090-8998','502','quidem'),
('e648b1e8-b794-3b92-8c9c-e406cbab3cb9','89929 Collins Wells\nKattiefort, TN 16515-9595','409492844','unde'),
('e67ab348-3b3b-333b-99b6-1282fe544f60','23956 Bailey Freeway\nSouth Hardy, DC 89330','4169','totam'),
('e6ebe455-2322-3319-8e47-b7e7b5cd54d6','0022 Ward Loop Suite 801\nSouth Rainaport, OK 77659','534','sed'),
('e7cded66-b7ea-3287-8fbe-fc9a28909eb1','35318 Boehm Ways Apt. 119\nPort Berthaside, NC 09241-2616','7','temporibus'),
('eafd874a-2f60-3850-865e-8c21ee3e30ee','3379 Kling Garden\nWest Florence, DC 46511-9021','54205','qui'),
('ed3c5b83-9d1b-315a-bf52-3f15a62566ab','45988 Lakin Street Suite 522\nRickview, UT 61148','13268','accusantium'),
('ed671756-e131-3481-8981-7a8faf59922d','974 Hoeger Flat\nPort Cheyenne, LA 59239-6363','2','consequatur'),
('ed74fdaa-05de-397e-a441-9ae9d827782e','5926 Madeline Curve Suite 796\nSteuberborough, AL 53801-6536','45','eligendi'),
('ed938a8f-aa5e-34af-8cab-8320156ef7ef','069 Kohler Parks Apt. 574\nBatzstad, MD 42560','12066','qui'),
('f083886c-14b0-324d-8d51-c046aa08b9e2','5325 Dusty Plaza Suite 040\nQueenview, VA 70992','2','asperiores'),
('f5d5dda3-a3a6-3187-ba66-77cdf5c2a4e0','7065 Herzog Orchard Suite 744\nWest Vivienne, ID 68439','31618458','commodi'),
('f60bfdae-b921-3382-882d-7bf7afd74244','2325 Jacobi Vista Apt. 876\nLake Gonzalofurt, WI 12778','354180','consequatur'),
('f6b1d0ed-97a2-3f9a-b5f6-39b7e345f9c1','577 Daugherty Coves\nWeimannstad, MN 05418-0296','193','omnis'),
('f73d8e07-582c-3991-85d2-5c653527d647','065 Brandyn Villages Suite 310\nWillport, GA 31120','0','aut'),
('fb494948-870b-3dfb-ba98-8ce518ab91fa','39784 Reilly Tunnel Suite 740\nWest Ariannatown, LA 78635-3317','61765579','illum'),
('fe45ad2e-f941-36da-a452-f4aaa188eca0','281 Clare Pine Suite 856\nLionelhaven, NE 20533-2690','9','vitae'),
('ff0e4b24-35d7-38b1-b7d2-8bea5ec34f64','3016 Verdie Manor\nNew Mike, MO 76125-0054','24477847','qui'); 




/*!40101 SET SQL_MODE=@OLD_SQL_MODE */;
/*!40014 SET FOREIGN_KEY_CHECKS=@OLD_FOREIGN_KEY_CHECKS */;
/*!40014 SET UNIQUE_CHECKS=@OLD_UNIQUE_CHECKS */;
/*!40101 SET CHARACTER_SET_CLIENT=@OLD_CHARACTER_SET_CLIENT */;
/*!40101 SET CHARACTER_SET_RESULTS=@OLD_CHARACTER_SET_RESULTS */;
/*!40101 SET COLLATION_CONNECTION=@OLD_COLLATION_CONNECTION */;
/*!40111 SET SQL_NOTES=@OLD_SQL_NOTES */;

