# TABLE STRUCTURE FOR: account
#
drop database if exists `hieu`;
create database `hieu`;
USE `hieu`;

#
# TABLE STRUCTURE FOR: account
#

DROP TABLE IF EXISTS `account`;

CREATE TABLE `account` (
  `username` varchar(100) CHARACTER SET utf8 NOT NULL,
  `password` varchar(100) CHARACTER SET utf8 DEFAULT NULL,
  `role` enum('ADMIN','STAFF','USER') COLLATE utf8_unicode_ci DEFAULT NULL,
  `display` varchar(100) CHARACTER SET utf8 DEFAULT NULL,
  `email` varchar(100) CHARACTER SET utf8 DEFAULT NULL,
  `phone` varchar(100) CHARACTER SET utf8 DEFAULT NULL,
  `address` varchar(100) CHARACTER SET utf8 DEFAULT NULL,
  `birthday` date DEFAULT NULL,
  `avatar` varchar(100) CHARACTER SET utf8 DEFAULT NULL,
  `status` varchar(100) CHARACTER SET utf8 DEFAULT NULL,
  `isDelete` int default 0,
  `created_at` timestamp NOT NULL DEFAULT current_timestamp(),
  `updated_at` timestamp NOT NULL DEFAULT current_timestamp() ON UPDATE current_timestamp(),
  PRIMARY KEY (`username`)
) ENGINE=InnoDB DEFAULT CHARSET=utf8 COLLATE=utf8_unicode_ci;

INSERT INTO `account` (`username`, `password`, `role`, `display`, `email`, `phone`, `address`, `birthday`, `avatar`, `status`, `created_at`, `updated_at`) VALUES ('allen.kshlerin', '2e7ce70223d071b93e866a254685c5593e63cd66', 'ADMIN', 'Rubie Borer', 'zpollich@example.com', '(644)184-4837x9510', '876 Ziemann Rapids\nOkunevafort, SC 25736-4651', '1997-07-05', 'http://lorempixel.com/640/480/', 'Deleniti quam est asperiores eveniet incidunt. Qui nam quas cupiditate corporis corporis sit. Aut mi', '2003-11-03 02:44:11', '1984-11-12 09:46:44');
INSERT INTO `account` (`username`, `password`, `role`, `display`, `email`, `phone`, `address`, `birthday`, `avatar`, `status`, `created_at`, `updated_at`) VALUES ('bosco.timmothy', '36ddf5374f30331946989b6409ec6a2baf4ddc0d', 'STAFF', 'Ramiro Bogan', 'pfannerstill.sydnee@example.org', '775.270.0926', '090 Julian Highway\nWest Braedenmouth, WI 68861-8805', '1997-10-28', 'http://lorempixel.com/640/480/', 'Ut dignissimos quisquam autem rerum fuga. Facere nemo dolorum rem cumque. Praesentium iure ab volupt', '1970-12-13 21:20:08', '2006-07-18 08:40:15');
INSERT INTO `account` (`username`, `password`, `role`, `display`, `email`, `phone`, `address`, `birthday`, `avatar`, `status`, `created_at`, `updated_at`) VALUES ('celia.romaguera', '80101f111f18d6a987c76aeb0d19c01ad50bedbe', 'STAFF', 'Alfonzo Gerhold', 'lonie30@example.com', '487-651-9238x13848', '7532 Hahn Mill Suite 871\nPort Macside, DC 63087-1600', '1979-11-23', 'http://lorempixel.com/640/480/', 'Quis molestias eos necessitatibus itaque ullam. Numquam sint omnis quos vel nesciunt nobis. Doloribu', '2008-11-13 16:30:59', '1976-07-01 06:55:56');
INSERT INTO `account` (`username`, `password`, `role`, `display`, `email`, `phone`, `address`, `birthday`, `avatar`, `status`, `created_at`, `updated_at`) VALUES ('esteban.oberbrunner', '69e4b33703ec0a3390e13af5a5f7266a7a1fb7c1', 'ADMIN', 'Ocie Feeney', 'kennedi.oberbrunner@example.org', '580.579.3358', '37499 Lockman Mills Apt. 500\nWest Favian, AZ 63239', '1983-08-27', 'http://lorempixel.com/640/480/', 'Deleniti voluptas et quod dicta. Est similique voluptatum dolorem sit. Temporibus magnam occaecati c', '1987-06-05 10:13:29', '1982-07-29 00:24:06');
INSERT INTO `account` (`username`, `password`, `role`, `display`, `email`, `phone`, `address`, `birthday`, `avatar`, `status`, `created_at`, `updated_at`) VALUES ('gheaney', 'dd2c9ff8dec30a57d9427fbed11120912fea56e6', 'ADMIN', 'Princess Koch', 'whirthe@example.net', '984-839-7232x70795', '543 Nolan Court\nEast Collin, MS 83088', '2017-06-26', 'http://lorempixel.com/640/480/', 'Est nostrum in ut molestiae iure. Rerum et iusto consequatur blanditiis soluta quia. Dolorem earum o', '1970-02-23 08:44:55', '1984-01-02 20:30:20');
INSERT INTO `account` (`username`, `password`, `role`, `display`, `email`, `phone`, `address`, `birthday`, `avatar`, `status`, `created_at`, `updated_at`) VALUES ('jamey.wintheiser', '5e0ae3ea6fca2a2e86fc42df4ebec5255b5f8750', 'STAFF', 'Destinee Balistreri', 'osinski.camron@example.com', '222-784-8153', '28702 Tanya Landing\nAubreeville, UT 29456', '1975-01-21', 'http://lorempixel.com/640/480/', 'Sunt similique et voluptatem. Quis fugit et distinctio ipsum quod maiores. Nisi ut et velit doloremq', '2017-06-19 12:21:58', '1982-09-17 14:28:04');
INSERT INTO `account` (`username`, `password`, `role`, `display`, `email`, `phone`, `address`, `birthday`, `avatar`, `status`, `created_at`, `updated_at`) VALUES ('jovany83', '74b5cb788048658006774816f5541172aaae29a3', 'ADMIN', 'Nyah Hintz', 'ihermann@example.net', '08302146264', '3138 Larson Wall\nEast Carliberg, MT 87999', '2010-12-03', 'http://lorempixel.com/640/480/', 'Sunt veniam qui eum debitis natus est qui impedit. Quos sed ipsa consequatur eius. Quas itaque moles', '2015-05-02 05:27:52', '1997-10-20 05:15:45');
INSERT INTO `account` (`username`, `password`, `role`, `display`, `email`, `phone`, `address`, `birthday`, `avatar`, `status`, `created_at`, `updated_at`) VALUES ('jwisoky', 'ce81e594b623b81d04f97632daf311cd2ef20ccf', 'STAFF', 'Mr. Joshua Altenwerth', 'keeling.edgardo@example.com', '00376606699', '048 Koelpin Street Suite 009\nGeneralton, NJ 72277-8230', '1991-08-12', 'http://lorempixel.com/640/480/', 'Sed voluptatem numquam magnam placeat molestiae laudantium. Officia enim dolores nulla alias. Facere', '2017-10-02 05:58:50', '2017-02-20 11:59:52');
INSERT INTO `account` (`username`, `password`, `role`, `display`, `email`, `phone`, `address`, `birthday`, `avatar`, `status`, `created_at`, `updated_at`) VALUES ('lowe.makenzie', '39355c8ec193a58a2769f915d033abdcd3c7f722', 'ADMIN', 'Ernesto Lowe IV', 'erwin.steuber@example.net', '1-019-211-3822', '08085 Fisher Corners\nSouth Katelyn, VT 27778', '2002-11-20', 'http://lorempixel.com/640/480/', 'Iusto blanditiis deleniti quia quia pariatur. Possimus natus ut voluptas nesciunt maiores saepe. Nes', '1986-06-03 02:07:26', '1985-05-20 06:08:27');
INSERT INTO `account` (`username`, `password`, `role`, `display`, `email`, `phone`, `address`, `birthday`, `avatar`, `status`, `created_at`, `updated_at`) VALUES ('rosetta.harber', '48bc0a2cf8a1622982d19acfceced47373f2609b', 'ADMIN', 'Name Turner', 'amely.heller@example.net', '+30(1)4528054414', '683 Doris Rapid Apt. 421\nKaciemouth, MN 97183-1676', '2017-10-21', 'http://lorempixel.com/640/480/', 'Reiciendis doloremque tempore sed nam repudiandae. Illo quo qui sunt ad voluptas. Ea alias sint prov', '1971-02-22 04:08:28', '1993-09-19 20:33:55');


#
# TABLE STRUCTURE FOR: category
#

DROP TABLE IF EXISTS `category`;

CREATE TABLE `category` (
  `categoryId` varchar(100) CHARACTER SET utf8 NOT NULL,
  `display` varchar(100) CHARACTER SET utf8 DEFAULT NULL,
  `description` varchar(100) CHARACTER SET utf8 DEFAULT NULL,
  `imageUrl` varchar(100) CHARACTER SET utf8 DEFAULT NULL,
    `isDelete` int default 0,
      `created_at` timestamp NOT NULL DEFAULT current_timestamp(),
  `updated_at` timestamp NOT NULL DEFAULT current_timestamp() ON UPDATE current_timestamp(),
  PRIMARY KEY (`categoryId`)
) ENGINE=InnoDB DEFAULT CHARSET=utf8 COLLATE=utf8_unicode_ci;

INSERT INTO `category` (`categoryId`, `display`, `description`, `imageUrl`) VALUES ('0dfe6a2d-f62c-3a3c-9bc3-0901d5435004', 'Unde debitis commodi cupiditate aliquid.', 'Molestiae nostrum doloribus aliquid nobis vitae est quia quisquam. Architecto ut et harum et. Labori', 'http://lorempixel.com/640/480/');
INSERT INTO `category` (`categoryId`, `display`, `description`, `imageUrl`) VALUES ('338935db-4990-3f62-a75c-ce7512a0dd31', 'Fugiat tenetur incidunt et.', 'Magni consequuntur minima saepe iste aliquam. Reprehenderit autem ut asperiores enim. Inventore opti', 'http://lorempixel.com/640/480/');
INSERT INTO `category` (`categoryId`, `display`, `description`, `imageUrl`) VALUES ('4f8fcbe7-8dad-39e7-b105-5765d373f926', 'Est dolores id officiis aut repellat placeat.', 'Totam pariatur quo alias blanditiis assumenda. Voluptas repellat alias et voluptatem unde. Repudiand', 'http://lorempixel.com/640/480/');
INSERT INTO `category` (`categoryId`, `display`, `description`, `imageUrl`) VALUES ('5f80806d-a95a-3fcb-830f-7817a4c11a6d', 'Voluptas praesentium distinctio beatae.', 'Ex dolor tempore enim quo voluptas fugit. Rem labore commodi autem ut earum velit autem. Consequatur', 'http://lorempixel.com/640/480/');
INSERT INTO `category` (`categoryId`, `display`, `description`, `imageUrl`) VALUES ('735002b7-1ac1-398f-beef-cf79b0b9735a', 'Quis sapiente magnam in porro aliquam sit.', 'Adipisci quibusdam et ut ullam culpa enim. Officia ab unde dignissimos et reprehenderit mollitia nih', 'http://lorempixel.com/640/480/');
INSERT INTO `category` (`categoryId`, `display`, `description`, `imageUrl`) VALUES ('81e5f2e3-45d9-3dcd-8693-2d8b95d9331f', 'Sunt eligendi nesciunt cum deleniti.', 'Dolore in atque voluptas ipsam dolore esse. Distinctio quia doloremque ratione dolorum. Et qui sunt ', 'http://lorempixel.com/640/480/');
INSERT INTO `category` (`categoryId`, `display`, `description`, `imageUrl`) VALUES ('902d08e7-04da-3be1-a2b0-51fe82ad88db', 'Quia ea voluptatum autem ipsum ducimus consequatur mollitia.', 'Ipsam qui ex assumenda. Aspernatur error maxime sed sed qui.', 'http://lorempixel.com/640/480/');
INSERT INTO `category` (`categoryId`, `display`, `description`, `imageUrl`) VALUES ('9efbe2e6-ec10-36c4-a56e-992dd580da02', 'Modi aut blanditiis quis quia hic exercitationem expedita perspiciatis.', 'Et dolore beatae magnam amet explicabo ipsam laboriosam. Incidunt vitae nostrum maiores. Doloremque ', 'http://lorempixel.com/640/480/');
INSERT INTO `category` (`categoryId`, `display`, `description`, `imageUrl`) VALUES ('a96ed8cd-59b5-3f69-ac88-8c36d3ff7715', 'Dolorum soluta doloremque explicabo aspernatur id.', 'Quo alias officiis fuga eos ut. Vel occaecati eum minima qui. Officiis voluptate reiciendis aut solu', 'http://lorempixel.com/640/480/');
INSERT INTO `category` (`categoryId`, `display`, `description`, `imageUrl`) VALUES ('f44162c9-84e8-38c0-b54f-9d4e023f7b2a', 'Magni et fugit atque itaque.', 'Sint aliquam sunt officiis. Vero hic eum debitis molestiae facilis consequatur. Magnam quisquam recu', 'http://lorempixel.com/640/480/');


#
# TABLE STRUCTURE FOR: product
#

DROP TABLE IF EXISTS `product`;

CREATE TABLE `product` (
  `productId` varchar(100) CHARACTER SET utf8 NOT NULL,
  `display` varchar(100) CHARACTER SET utf8 DEFAULT NULL,
  `provider` varchar(100) CHARACTER SET utf8 DEFAULT NULL,
  `description` varchar(100) CHARACTER SET utf8 DEFAULT NULL,
  `imageUrl` varchar(1000) CHARACTER SET utf8 DEFAULT NULL,
  `priceIn` int(11) DEFAULT NULL,
  `priceOut` int(11) DEFAULT NULL,
  `priceSale` int(11) DEFAULT NULL,
  `shipday` int(11) DEFAULT NULL,
  `instock` int(11) DEFAULT NULL,
  `status` varchar(100) CHARACTER SET utf8 DEFAULT NULL,
  `categoryId` varchar(100) CHARACTER SET utf8 DEFAULT NULL,
    `isDelete` int default 0,
  `created_at` timestamp NOT NULL DEFAULT current_timestamp(),
  `updated_at` timestamp NOT NULL DEFAULT current_timestamp() ON UPDATE current_timestamp(),
  PRIMARY KEY (`productId`),
  KEY `categoryId` (`categoryId`),
  CONSTRAINT `product_ibfk_1` FOREIGN KEY (`categoryId`) REFERENCES `category` (`categoryId`)
) ENGINE=InnoDB DEFAULT CHARSET=utf8 COLLATE=utf8_unicode_ci;

INSERT INTO `product` (`productId`, `display`, `provider`, `description`, `imageUrl`, `priceIn`, `priceOut`, `priceSale`, `shipday`, `instock`, `status`, `categoryId`, `created_at`, `updated_at`) VALUES ('08d19763-6d6d-3435-8c00-b56efb178303', 'minima', 'Schmidt Inc', 'Ratione expedita omnis dicta praesentium. Deleniti aut eum dolorem sed sed ad ab. Reprehenderit exce', 'https://cdn.shopify.com/s/files/1/0020/5111/2996/products/products_2FI01-RGDR4327-NTF_2FI01-RGDR4327-NTF_1581403090590_316x316_crop_center.jpg?v=1587015568', 6047274, 7927556, 590470, 7, 2, 'inventore', '5f80806d-a95a-3fcb-830f-7817a4c11a6d', '1976-08-09 07:53:40', '1983-10-23 16:51:08');
INSERT INTO `product` (`productId`, `display`, `provider`, `description`, `imageUrl`, `priceIn`, `priceOut`, `priceSale`, `shipday`, `instock`, `status`, `categoryId`, `created_at`, `updated_at`) VALUES ('093ed0ea-74a5-3c77-a20e-0cf31bafd0f6', 'voluptatem', 'Abernathy, Lockman and Jaskolski', 'Facere aut quas rerum sequi voluptas. Aliquam illo et ut eligendi consequatur est. Neque nesciunt su', 'https://cdn.shopify.com/s/files/1/0020/5111/2996/products/products_2FP13-105629-MB_2FP13-105629-MB_1577947991850_316x316_crop_center.jpg?v=1577948005', 9284624, 15920327, 261162, 3, 6, 'in', '338935db-4990-3f62-a75c-ce7512a0dd31', '1988-02-19 23:49:48', '1993-02-04 16:22:59');
INSERT INTO `product` (`productId`, `display`, `provider`, `description`, `imageUrl`, `priceIn`, `priceOut`, `priceSale`, `shipday`, `instock`, `status`, `categoryId`, `created_at`, `updated_at`) VALUES ('0a981cd5-221b-3c41-a57d-b4c17c9cca04', 'illo', 'Hickle-O\'Reilly', 'A aperiam voluptatem sit non. Sit pariatur sit iure eos voluptatem ut. Quia non impedit autem odio. ', 'https://cdn.shopify.com/s/files/1/0020/5111/2996/products/products_2FP13-105628-AW_2FP13-105628-AW_1577947615370_316x316_crop_center.jpg?v=1577947626', 3460369, 8932531, 481536, 5, 2, 'illum', '81e5f2e3-45d9-3dcd-8693-2d8b95d9331f', '1991-05-10 13:02:28', '1987-02-17 05:22:38');
INSERT INTO `product` (`productId`, `display`, `provider`, `description`, `imageUrl`, `priceIn`, `priceOut`, `priceSale`, `shipday`, `instock`, `status`, `categoryId`, `created_at`, `updated_at`) VALUES ('0b4ff015-b216-3ffc-92c0-45cb953f9773', 'cumque', 'Ruecker, Gutkowski and Schuster', 'Amet sed labore voluptas et sit. Quae quo ut iusto ex laboriosam aliquam optio cum. Aut velit blandi', 'https://cdn.shopify.com/s/files/1/0020/5111/2996/products/E09-ENPTVSNH1_1528358910579_316x316_crop_center.jpg?v=1556187053', 3528873, 8420388, 227143, 1, 7, 'omnis', '902d08e7-04da-3be1-a2b0-51fe82ad88db', '2000-09-22 18:33:49', '1983-11-17 21:39:38');
INSERT INTO `product` (`productId`, `display`, `provider`, `description`, `imageUrl`, `priceIn`, `priceOut`, `priceSale`, `shipday`, `instock`, `status`, `categoryId`, `created_at`, `updated_at`) VALUES ('0cd349b5-50d2-30a1-9f4a-0393dd1a7433', 'odit', 'Heaney Inc', 'Soluta eos vitae quia rerum debitis mollitia hic. Pariatur molestiae facere voluptatem sit. Illo imp', 'https://cdn.shopify.com/s/files/1/0020/5111/2996/products/products_2FE09-ENSVHSVCH1_2FE09-ENSVHSVCH1_1590718362350_316x316_crop_center.jpg?v=1590718369', 4236229, 6007129, 604767, 8, 2, 'facere', '0dfe6a2d-f62c-3a3c-9bc3-0901d5435004', '2018-04-02 14:59:22', '1970-01-01 19:18:12');
INSERT INTO `product` (`productId`, `display`, `provider`, `description`, `imageUrl`, `priceIn`, `priceOut`, `priceSale`, `shipday`, `instock`, `status`, `categoryId`, `created_at`, `updated_at`) VALUES ('0de31249-0abc-3ba1-a287-827eba5770fc', 'nobis', 'Morar, Hills and Dickens', 'Consequatur vel dolor ut vel aliquid alias. Rerum ea eveniet quaerat provident est nemo et. Ab ut re', 'https://cdn.shopify.com/s/files/1/0020/5111/2996/products/I01-GRG121DX-WNF_1530084674386_316x316_crop_center.jpg?v=1594811385', 2921360, 11544377, 582503, 6, 1, 'rem', 'a96ed8cd-59b5-3f69-ac88-8c36d3ff7715', '1972-01-12 20:52:34', '1982-04-02 07:37:47');
INSERT INTO `product` (`productId`, `display`, `provider`, `description`, `imageUrl`, `priceIn`, `priceOut`, `priceSale`, `shipday`, `instock`, `status`, `categoryId`, `created_at`, `updated_at`) VALUES ('0e6ff22e-f150-3bf6-bc5a-ff40b149e8a8', 'consectetur', 'Keebler Group', 'Magnam voluptatem voluptas illo ut ea voluptatem sunt. Eum sunt nostrum commodi dicta. Et praesentiu', 'https://cdn.shopify.com/s/files/1/0020/5111/2996/products/products_2FG06-LPF18WFNH1_2FG06-LPF18WFNH1_1573635978880_316x316_crop_center.jpg?v=1574304112', 2268559, 8300758, 381988, 8, 2, 'inventore', 'a96ed8cd-59b5-3f69-ac88-8c36d3ff7715', '2014-03-17 01:34:24', '1994-10-10 09:00:55');
INSERT INTO `product` (`productId`, `display`, `provider`, `description`, `imageUrl`, `priceIn`, `priceOut`, `priceSale`, `shipday`, `instock`, `status`, `categoryId`, `created_at`, `updated_at`) VALUES ('0f89dfac-4f8f-34a0-ac71-d7c0c5f8f70d', 'sunt', 'Parker, Heller and Hermann', 'Cupiditate deserunt voluptas veniam earum assumenda corrupti. Omnis maxime ratione voluptas cum. Qua', 'https://cdn.shopify.com/s/files/1/0020/5111/2996/products/products_2FG06-LPR60VOABNH1_2FG06-LPR60VOABNH1_1592469158520_316x316_crop_center.jpg?v=1592469168', 5182646, 771769, 85188, 9, 6, 'amet', '735002b7-1ac1-398f-beef-cf79b0b9735a', '1996-11-19 18:17:35', '1976-12-25 07:23:49');
INSERT INTO `product` (`productId`, `display`, `provider`, `description`, `imageUrl`, `priceIn`, `priceOut`, `priceSale`, `shipday`, `instock`, `status`, `categoryId`, `created_at`, `updated_at`) VALUES ('115b99ac-82f7-3d3d-96a2-a760973e2cce', 'dolor', 'Beahan-Metz', 'Quia qui eligendi error atque. Placeat incidunt temporibus dolore assumenda sint facilis ut aspernat', 'https://cdn.shopify.com/s/files/1/0020/5111/2996/products/products_2FI01-PIA3761-SLW_2FI01-PIA3761-SLW_1592894436960_316x316_crop_center.jpg?v=1592894448', 2522742, 18559015, 53732, 2, 9, 'ea', '5f80806d-a95a-3fcb-830f-7817a4c11a6d', '1992-10-12 21:16:09', '2005-06-16 20:00:43');
INSERT INTO `product` (`productId`, `display`, `provider`, `description`, `imageUrl`, `priceIn`, `priceOut`, `priceSale`, `shipday`, `instock`, `status`, `categoryId`, `created_at`, `updated_at`) VALUES ('12489bef-08dc-3c80-a960-08808965ea6a', 'ipsam', 'Willms PLC', 'Fuga necessitatibus minima quia accusantium minima qui doloribus accusamus. Magnam illum ipsam nemo ', 'https://cdn.shopify.com/s/files/1/0020/5111/2996/products/products_2FS22-MAJ200XFM-MPP_2FS22-MAJ200XFM-MPP_1583128566720_316x316_crop_center.jpg?v=1589966288', 3435968, 532124, 700941, 4, 9, 'et', '9efbe2e6-ec10-36c4-a56e-992dd580da02', '1988-08-12 14:33:13', '2001-03-17 14:41:34');
INSERT INTO `product` (`productId`, `display`, `provider`, `description`, `imageUrl`, `priceIn`, `priceOut`, `priceSale`, `shipday`, `instock`, `status`, `categoryId`, `created_at`, `updated_at`) VALUES ('196f187f-4d06-38d9-b4a0-f459ec3b169b', 'ut', 'Morar, Morar and Rau', 'Unde adipisci est debitis suscipit aut vel. Dolorem voluptas est possimus alias deserunt alias. Ex a', 'https://cdn.shopify.com/s/files/1/0020/5111/2996/products/products_2FI01-JS240PS-CA_2FI01-JS240PS-CA_1579508871590_316x316_crop_center.jpg?v=1594810173', 6877448, 7619632, 221406, 5, 6, 'et', '902d08e7-04da-3be1-a2b0-51fe82ad88db', '1979-03-28 10:02:30', '1975-11-17 07:43:08');
INSERT INTO `product` (`productId`, `display`, `provider`, `description`, `imageUrl`, `priceIn`, `priceOut`, `priceSale`, `shipday`, `instock`, `status`, `categoryId`, `created_at`, `updated_at`) VALUES ('1e1b9967-5b84-3a6c-aead-a6f49d188a30', 'voluptas', 'Prohaska-Gibson', 'Laboriosam et est ut delectus odio. Itaque ut enim unde molestiae qui veritatis et. Rerum necessitat', 'https://cdn.shopify.com/s/files/1/0020/5111/2996/products/products_2FG06-LPCS00HSNH1_2FG06-LPCS00HSNH1_1592538417780_316x316_crop_center.jpg?v=1592538483', 8391502, 10867618, 917998, 5, 3, 'sapiente', '5f80806d-a95a-3fcb-830f-7817a4c11a6d', '1980-06-07 06:55:20', '2017-06-17 09:24:47');
INSERT INTO `product` (`productId`, `display`, `provider`, `description`, `imageUrl`, `priceIn`, `priceOut`, `priceSale`, `shipday`, `instock`, `status`, `categoryId`, `created_at`, `updated_at`) VALUES ('1f10cd78-06b8-3dad-aa10-3937de191529', 'quidem', 'Nolan-Prohaska', 'Occaecati voluptatem rerum voluptatem ut molestiae libero. Quidem velit tempore earum vel laboriosam', 'https://cdn.shopify.com/s/files/1/0020/5111/2996/products/G06-LPR58RYTNH1_1540261214971_316x316_crop_center.jpg?v=1594809857', 5624478, 391731, 692587, 9, 6, 'et', '9efbe2e6-ec10-36c4-a56e-992dd580da02', '2007-05-25 00:22:32', '1995-04-13 19:59:50');
INSERT INTO `product` (`productId`, `display`, `provider`, `description`, `imageUrl`, `priceIn`, `priceOut`, `priceSale`, `shipday`, `instock`, `status`, `categoryId`, `created_at`, `updated_at`) VALUES ('1faa9ee4-50a3-3ff4-8e91-baad2cee2466', 'mollitia', 'Schmidt LLC', 'Et sunt non sit distinctio dolorum. Eligendi laudantium aut tenetur quia enim quis expedita. Et ulla', 'https://cdn.shopify.com/s/files/1/0020/5111/2996/products/G06-LPR59VCSNH1_1540261476063_316x316_crop_center.jpg?v=1594809843', 4327226, 16285475, 783763, 9, 9, 'et', 'a96ed8cd-59b5-3f69-ac88-8c36d3ff7715', '2014-10-29 04:46:24', '1984-10-25 20:24:48');
INSERT INTO `product` (`productId`, `display`, `provider`, `description`, `imageUrl`, `priceIn`, `priceOut`, `priceSale`, `shipday`, `instock`, `status`, `categoryId`, `created_at`, `updated_at`) VALUES ('23026952-221d-39c7-8d5b-7de2ec84aea8', 'officia', 'Johns-Rolfson', 'Fuga vel quis maiores beatae. Quibusdam vel deserunt rerum perferendis maiores. Minima et voluptates', 'https://cdn.shopify.com/s/files/1/0020/5111/2996/products/products_2FI01-RGRT421-WK_2FI01-RGRT421-WK_1579228837870_316x316_crop_center.jpg?v=1579228846', 2670747, 11197964, 203713, 6, 7, 'consequuntur', '4f8fcbe7-8dad-39e7-b105-5765d373f926', '1973-12-09 10:05:01', '2017-07-26 23:36:21');
INSERT INTO `product` (`productId`, `display`, `provider`, `description`, `imageUrl`, `priceIn`, `priceOut`, `priceSale`, `shipday`, `instock`, `status`, `categoryId`, `created_at`, `updated_at`) VALUES ('29a3a96b-025d-3a21-8029-f75c83cfe8e5', 'modi', 'Effertz LLC', 'Eligendi laborum quos perferendis quibusdam quia voluptatibus. Ipsam vitae labore soluta repellendus', 'https://cdn.shopify.com/s/files/1/0020/5111/2996/products/products_2FG06-LPSS00VMNH1_2FG06-LPSS00VMNH1_1592537345180_316x316_crop_center.jpg?v=1594998720', 9801254, 55001, 353896, 3, 8, 'qui', '4f8fcbe7-8dad-39e7-b105-5765d373f926', '2006-05-28 03:58:47', '1996-07-15 04:47:50');
INSERT INTO `product` (`productId`, `display`, `provider`, `description`, `imageUrl`, `priceIn`, `priceOut`, `priceSale`, `shipday`, `instock`, `status`, `categoryId`, `created_at`, `updated_at`) VALUES ('30ae579b-5edd-3a8e-8cca-dce864b7ec9b', 'molestiae', 'DuBuque, McClure and Kozey', 'Tempora sit reprehenderit iure illo et officia. Alias non qui consequatur error nisi. Quia est ut vo', 'https://cdn.shopify.com/s/files/1/0020/5111/2996/products/products_2FE09-EILCAWGH1_2FE09-EILCAWGH1_1581576494630_316x316_crop_center.jpg?v=1586752888', 6143548, 12347014, 938502, 9, 4, 'tenetur', 'a96ed8cd-59b5-3f69-ac88-8c36d3ff7715', '1989-11-21 17:08:23', '1997-04-27 12:20:05');
INSERT INTO `product` (`productId`, `display`, `provider`, `description`, `imageUrl`, `priceIn`, `priceOut`, `priceSale`, `shipday`, `instock`, `status`, `categoryId`, `created_at`, `updated_at`) VALUES ('35593f73-d034-3b37-90fe-a90690d4848e', 'est', 'Bashirian-Kertzmann', 'Sequi nobis ex quasi qui quia nulla assumenda. Facere dolore dolores et enim. Alias maiores blanditi', 'https://cdn.shopify.com/s/files/1/0020/5111/2996/products/products_2FG06-SGSP18NSNH1_2FG06-SGSP18NSNH1_1573637077850_316x316_crop_center.jpg?v=1574304937', 5982653, 19260705, 909559, 5, 9, 'harum', 'f44162c9-84e8-38c0-b54f-9d4e023f7b2a', '2001-06-02 09:40:58', '2005-10-05 01:53:02');
INSERT INTO `product` (`productId`, `display`, `provider`, `description`, `imageUrl`, `priceIn`, `priceOut`, `priceSale`, `shipday`, `instock`, `status`, `categoryId`, `created_at`, `updated_at`) VALUES ('39a87279-50ab-37a1-9ec9-a2208325ce8d', 'velit', 'Fay-Mosciski', 'Aut minima et error asperiores. Voluptatem enim sed eos rem impedit. Voluptatem enim cumque nesciunt', 'https://cdn.shopify.com/s/files/1/0020/5111/2996/products/products_2FE09-EILTWRNH1_2FE09-EILTWRNH1_1586097420910_316x316_crop_center.jpg?v=1586097430', 5524736, 16536261, 531252, 5, 8, 'officiis', 'f44162c9-84e8-38c0-b54f-9d4e023f7b2a', '2011-05-24 06:47:36', '1975-03-15 16:03:45');
INSERT INTO `product` (`productId`, `display`, `provider`, `description`, `imageUrl`, `priceIn`, `priceOut`, `priceSale`, `shipday`, `instock`, `status`, `categoryId`, `created_at`, `updated_at`) VALUES ('39b183d5-bd70-3cf7-b302-8c2f24bde58c', 'sed', 'Pfeffer, Schmidt and Weimann', 'Suscipit voluptas itaque in quia ab. Qui voluptas perspiciatis aliquam voluptatum temporibus. Illo e', 'https://cdn.shopify.com/s/files/1/0020/5111/2996/products/products_2FE09-ENSVCHVCH1_2FE09-ENSVCHVCH1_1598244403370_316x316_crop_center.jpg?v=1598244412', 1908340, 320250, 979306, 5, 5, 'quod', '0dfe6a2d-f62c-3a3c-9bc3-0901d5435004', '1977-02-15 22:43:06', '1977-01-19 04:42:20');
INSERT INTO `product` (`productId`, `display`, `provider`, `description`, `imageUrl`, `priceIn`, `priceOut`, `priceSale`, `shipday`, `instock`, `status`, `categoryId`, `created_at`, `updated_at`) VALUES ('40b334ba-9b7c-3e1c-87c6-7d318695b886', 'totam', 'Bednar, Waters and Swift', 'Tenetur quasi similique neque numquam veniam. Totam recusandae fugit rerum necessitatibus dolor volu', 'https://cdn.shopify.com/s/files/1/0020/5111/2996/products/products_2FE09-ENSVCHVCH1_2FE09-ENSVCHVCH1_1598244403370_316x316_crop_center.jpg?v=1598244412', 1968112, 19665458, 106727, 2, 8, 'iste', '0dfe6a2d-f62c-3a3c-9bc3-0901d5435004', '2015-11-10 00:11:32', '1996-08-12 08:29:32');
INSERT INTO `product` (`productId`, `display`, `provider`, `description`, `imageUrl`, `priceIn`, `priceOut`, `priceSale`, `shipday`, `instock`, `status`, `categoryId`, `created_at`, `updated_at`) VALUES ('40da1a6a-c932-3f10-83da-353fe47b967b', 'est', 'Barrows, Jenkins and Streich', 'Voluptate laboriosam qui soluta. Doloremque accusantium illo natus odio quae magni. Possimus volupta', 'https://cdn.shopify.com/s/files/1/0020/5111/2996/products/products_2FE09-ENSVCHVCH1_2FE09-ENSVCHVCH1_1598244403370_316x316_crop_center.jpg?v=1598244412', 3400146, 1364633, 230687, 3, 9, 'eaque', '4f8fcbe7-8dad-39e7-b105-5765d373f926', '1972-05-25 06:08:37', '1989-10-21 04:09:00');
INSERT INTO `product` (`productId`, `display`, `provider`, `description`, `imageUrl`, `priceIn`, `priceOut`, `priceSale`, `shipday`, `instock`, `status`, `categoryId`, `created_at`, `updated_at`) VALUES ('41ae0a29-fd97-3d60-95b6-f0c0a49b5007', 'harum', 'Stark, Wolf and Gusikowski', 'Exercitationem voluptas reprehenderit consequatur numquam possimus. Doloribus amet ea expedita natus', 'https://cdn.shopify.com/s/files/1/0020/5111/2996/products/products_2FE09-ENSVCHVCH1_2FE09-ENSVCHVCH1_1598244403370_316x316_crop_center.jpg?v=1598244412', 2719544, 5809653, 533547, 7, 1, 'eligendi', '4f8fcbe7-8dad-39e7-b105-5765d373f926', '1992-03-10 05:19:00', '2015-02-04 15:56:31');
INSERT INTO `product` (`productId`, `display`, `provider`, `description`, `imageUrl`, `priceIn`, `priceOut`, `priceSale`, `shipday`, `instock`, `status`, `categoryId`, `created_at`, `updated_at`) VALUES ('41b9bc26-6224-3ce0-9cb2-fe8ab218e3f3', 'eos', 'Pagac-Haley', 'Possimus autem qui hic ducimus eum velit et. Pariatur quo aliquam totam est ipsum incidunt. Vel aut ', 'https://cdn.shopify.com/s/files/1/0020/5111/2996/products/products_2FE09-ENSVCHVCH1_2FE09-ENSVCHVCH1_1598244403370_316x316_crop_center.jpg?v=1598244412', 4507922, 19461324, 375069, 2, 6, 'fuga', '81e5f2e3-45d9-3dcd-8693-2d8b95d9331f', '1994-01-16 04:59:04', '2001-10-06 13:55:07');
INSERT INTO `product` (`productId`, `display`, `provider`, `description`, `imageUrl`, `priceIn`, `priceOut`, `priceSale`, `shipday`, `instock`, `status`, `categoryId`, `created_at`, `updated_at`) VALUES ('42cc78f6-d812-3bd8-83c8-1290e6c48c86', 'excepturi', 'Barrows, Jenkins and Hackett', 'Qui et consequatur nam sapiente modi. Pariatur enim saepe dolores. Et eaque id enim velit deserunt q', 'https://cdn.shopify.com/s/files/1/0020/5111/2996/products/products_2FE09-ENSVCHVCH1_2FE09-ENSVCHVCH1_1598244403370_316x316_crop_center.jpg?v=1598244412', 9915549, 10009788, 152937, 1, 5, 'vel', '4f8fcbe7-8dad-39e7-b105-5765d373f926', '2020-02-22 06:02:18', '2018-01-05 23:33:06');
INSERT INTO `product` (`productId`, `display`, `provider`, `description`, `imageUrl`, `priceIn`, `priceOut`, `priceSale`, `shipday`, `instock`, `status`, `categoryId`, `created_at`, `updated_at`) VALUES ('42df401e-6293-3d53-b2ba-2c4c59f0212e', 'repudiandae', 'Bernhard, Kozey and Sipes', 'Saepe quod neque neque optio perferendis ut. Quia repellendus adipisci laboriosam eveniet aut sunt d', 'https://cdn.shopify.com/s/files/1/0020/5111/2996/products/products_2FE09-ENSVCHVCH1_2FE09-ENSVCHVCH1_1598244403370_316x316_crop_center.jpg?v=1598244412', 2257643, 17683168, 380373, 8, 9, 'qui', '902d08e7-04da-3be1-a2b0-51fe82ad88db', '2008-01-18 17:14:26', '1971-01-14 15:51:13');
INSERT INTO `product` (`productId`, `display`, `provider`, `description`, `imageUrl`, `priceIn`, `priceOut`, `priceSale`, `shipday`, `instock`, `status`, `categoryId`, `created_at`, `updated_at`) VALUES ('43b77612-692f-32e1-8aaa-71eb94b2d815', 'ducimus', 'West-Wiegand', 'Architecto itaque impedit vero expedita repellat. Doloribus ex ex et ipsa et ipsam et magnam. Sed op', 'https://cdn.shopify.com/s/files/1/0020/5111/2996/products/products_2FE09-ENSVCHVCH1_2FE09-ENSVCHVCH1_1598244403370_316x316_crop_center.jpg?v=1598244412', 6859922, 13355895, 982871, 9, 6, 'voluptas', '9efbe2e6-ec10-36c4-a56e-992dd580da02', '2019-07-13 13:44:23', '2009-10-02 07:08:32');
INSERT INTO `product` (`productId`, `display`, `provider`, `description`, `imageUrl`, `priceIn`, `priceOut`, `priceSale`, `shipday`, `instock`, `status`, `categoryId`, `created_at`, `updated_at`) VALUES ('44822412-e04d-34a8-b1fb-0d42695e15d8', 'inventore', 'Towne, Kuphal and Considine', 'Quia perferendis et eum. Id ratione nam dignissimos. Aspernatur rerum dolore aut ut culpa.', 'https://cdn.shopify.com/s/files/1/0020/5111/2996/products/products_2FE09-ENSVCHVCH1_2FE09-ENSVCHVCH1_1598244403370_316x316_crop_center.jpg?v=1598244412', 9133164, 6124274, 981385, 3, 5, 'autem', 'a96ed8cd-59b5-3f69-ac88-8c36d3ff7715', '1974-05-23 04:02:53', '1991-08-28 03:29:15');
INSERT INTO `product` (`productId`, `display`, `provider`, `description`, `imageUrl`, `priceIn`, `priceOut`, `priceSale`, `shipday`, `instock`, `status`, `categoryId`, `created_at`, `updated_at`) VALUES ('4592025c-11f6-34bd-aece-21c8f0c2aa31', 'eius', 'Jaskolski-Schultz', 'Commodi nemo id repudiandae et amet et corrupti. Non qui enim et quia adipisci. Inventore fugiat et ', 'https://cdn.shopify.com/s/files/1/0020/5111/2996/products/products_2FE09-ENSVCHVCH1_2FE09-ENSVCHVCH1_1598244403370_316x316_crop_center.jpg?v=1598244412', 9191792, 14289721, 716273, 1, 3, 'cumque', 'f44162c9-84e8-38c0-b54f-9d4e023f7b2a', '1985-08-04 21:52:38', '1999-01-01 11:45:06');
INSERT INTO `product` (`productId`, `display`, `provider`, `description`, `imageUrl`, `priceIn`, `priceOut`, `priceSale`, `shipday`, `instock`, `status`, `categoryId`, `created_at`, `updated_at`) VALUES ('45eccf7b-da63-339b-93f8-c96dc6ab4fdf', 'eum', 'Schulist Ltd', 'Qui suscipit qui natus rem sunt voluptatum velit. Error dolor sit ea delectus dolore ut. Culpa et is', 'https://cdn.shopify.com/s/files/1/0020/5111/2996/products/products_2FE09-ENSVCHVCH1_2FE09-ENSVCHVCH1_1598244403370_316x316_crop_center.jpg?v=1598244412', 2598155, 9845331, 537288, 8, 9, 'asperiores', '338935db-4990-3f62-a75c-ce7512a0dd31', '1995-05-18 18:06:06', '2003-04-17 00:54:44');
INSERT INTO `product` (`productId`, `display`, `provider`, `description`, `imageUrl`, `priceIn`, `priceOut`, `priceSale`, `shipday`, `instock`, `status`, `categoryId`, `created_at`, `updated_at`) VALUES ('473acdc0-abc7-3dc3-83df-680d71697107', 'assumenda', 'Anderson Group', 'Ipsum qui sed impedit sunt delectus laboriosam voluptates. Perspiciatis omnis qui magni molestias eo', 'https://cdn.shopify.com/s/files/1/0020/5111/2996/products/products_2FE09-ENSVCHVCH1_2FE09-ENSVCHVCH1_1598244403370_316x316_crop_center.jpg?v=1598244412', 5895898, 103266, 957418, 7, 2, 'reiciendis', '9efbe2e6-ec10-36c4-a56e-992dd580da02', '2002-01-25 20:37:33', '1979-10-05 19:41:44');
INSERT INTO `product` (`productId`, `display`, `provider`, `description`, `imageUrl`, `priceIn`, `priceOut`, `priceSale`, `shipday`, `instock`, `status`, `categoryId`, `created_at`, `updated_at`) VALUES ('489cbeab-599b-387a-a336-57b5f6483355', 'quae', 'Hermann, DuBuque and Rowe', 'Iste rerum alias id vel atque. Quia aut dolores quasi quod provident pariatur voluptatem. Fugit rati', 'https://cdn.shopify.com/s/files/1/0020/5111/2996/products/products_2FE09-ENSVCHVCH1_2FE09-ENSVCHVCH1_1598244403370_316x316_crop_center.jpg?v=1598244412', 9694499, 5616485, 519441, 4, 4, 'ea', '5f80806d-a95a-3fcb-830f-7817a4c11a6d', '1978-06-08 08:21:42', '1979-08-22 08:56:31');
INSERT INTO `product` (`productId`, `display`, `provider`, `description`, `imageUrl`, `priceIn`, `priceOut`, `priceSale`, `shipday`, `instock`, `status`, `categoryId`, `created_at`, `updated_at`) VALUES ('49cbfbf2-00a5-349f-a46d-3c91edd40eae', 'dolor', 'Stracke, Stiedemann and Leuschke', 'Molestias voluptas placeat quia est error. Molestiae velit rerum quos officiis.', 'https://cdn.shopify.com/s/files/1/0020/5111/2996/products/products_2FE09-ENSVCHVCH1_2FE09-ENSVCHVCH1_1598244403370_316x316_crop_center.jpg?v=1598244412', 1684563, 14564719, 627022, 4, 6, 'quidem', '81e5f2e3-45d9-3dcd-8693-2d8b95d9331f', '1997-04-09 16:03:55', '1987-07-27 19:13:57');
INSERT INTO `product` (`productId`, `display`, `provider`, `description`, `imageUrl`, `priceIn`, `priceOut`, `priceSale`, `shipday`, `instock`, `status`, `categoryId`, `created_at`, `updated_at`) VALUES ('4a30f4de-2cfb-33ee-81fc-d03d7ece1983', 'accusamus', 'Botsford, Bahringer and Wunsch', 'Doloremque aut quia totam voluptatem inventore explicabo. Soluta in et totam deleniti. Occaecati dol', 'https://cdn.shopify.com/s/files/1/0020/5111/2996/products/products_2FE09-ENSVCHVCH1_2FE09-ENSVCHVCH1_1598244403370_316x316_crop_center.jpg?v=1598244412', 5278309, 4138804, 52007, 4, 7, 'accusamus', '4f8fcbe7-8dad-39e7-b105-5765d373f926', '2000-12-27 06:54:13', '1996-03-10 00:19:06');
INSERT INTO `product` (`productId`, `display`, `provider`, `description`, `imageUrl`, `priceIn`, `priceOut`, `priceSale`, `shipday`, `instock`, `status`, `categoryId`, `created_at`, `updated_at`) VALUES ('4a6ec5b4-b963-31e5-9272-f241242654d6', 'hic', 'Grimes, McClure and Kuphal', 'Dicta voluptates pariatur tempore non labore aut nihil. Ut quo ut eos debitis voluptatem est. Dicta ', 'https://cdn.shopify.com/s/files/1/0020/5111/2996/products/products_2FE09-ENSVCHVCH1_2FE09-ENSVCHVCH1_1598244403370_316x316_crop_center.jpg?v=1598244412', 203118, 3288128, 729978, 1, 4, 'numquam', '338935db-4990-3f62-a75c-ce7512a0dd31', '2002-10-24 18:25:24', '1998-01-22 20:06:49');
INSERT INTO `product` (`productId`, `display`, `provider`, `description`, `imageUrl`, `priceIn`, `priceOut`, `priceSale`, `shipday`, `instock`, `status`, `categoryId`, `created_at`, `updated_at`) VALUES ('4c16e46a-5c41-34ad-871c-1ddd8c516770', 'voluptas', 'Gottlieb and Sons', 'Deleniti ullam repellat asperiores consequatur dolorem omnis. Vero deserunt dolores consequuntur ame', 'https://cdn.shopify.com/s/files/1/0020/5111/2996/products/products_2FE09-ENSVCHVCH1_2FE09-ENSVCHVCH1_1598244403370_316x316_crop_center.jpg?v=1598244412', 3015906, 11703804, 390469, 6, 4, 'laborum', '338935db-4990-3f62-a75c-ce7512a0dd31', '2007-05-27 14:56:08', '1989-10-21 15:32:59');
INSERT INTO `product` (`productId`, `display`, `provider`, `description`, `imageUrl`, `priceIn`, `priceOut`, `priceSale`, `shipday`, `instock`, `status`, `categoryId`, `created_at`, `updated_at`) VALUES ('55372bf9-5594-3cc1-a70f-0d1f3010cdeb', 'cum', 'Stanton-Pagac', 'Eveniet doloremque quam consectetur maxime. Vitae nihil et aut reprehenderit. Est culpa autem quo ve', 'https://cdn.shopify.com/s/files/1/0020/5111/2996/products/products_2FE09-ENSVCHVCH1_2FE09-ENSVCHVCH1_1598244403370_316x316_crop_center.jpg?v=1598244412', 1866351, 13496035, 795300, 8, 1, 'iure', '9efbe2e6-ec10-36c4-a56e-992dd580da02', '2019-10-28 10:56:09', '1990-03-30 22:49:16');
INSERT INTO `product` (`productId`, `display`, `provider`, `description`, `imageUrl`, `priceIn`, `priceOut`, `priceSale`, `shipday`, `instock`, `status`, `categoryId`, `created_at`, `updated_at`) VALUES ('5c4ca4be-7146-3412-bdc6-4745fe2c7efc', 'quas', 'Bernhard and Sons', 'Voluptatem autem similique quam eos. Non similique autem labore dolores cumque pariatur ducimus.', 'https://cdn.shopify.com/s/files/1/0020/5111/2996/products/products_2FE09-ENSVCHVCH1_2FE09-ENSVCHVCH1_1598244403370_316x316_crop_center.jpg?v=1598244412', 8060241, 8898435, 967844, 6, 4, 'nesciunt', 'f44162c9-84e8-38c0-b54f-9d4e023f7b2a', '1987-01-21 11:58:20', '1995-04-28 19:05:45');
INSERT INTO `product` (`productId`, `display`, `provider`, `description`, `imageUrl`, `priceIn`, `priceOut`, `priceSale`, `shipday`, `instock`, `status`, `categoryId`, `created_at`, `updated_at`) VALUES ('5dc902c1-aefd-3118-bcf3-9548159b8a71', 'fugit', 'Torphy, Lubowitz and Cremin', 'Incidunt aut voluptas vel quia voluptatibus. Quam deserunt debitis at consequatur vel esse. Temporib', 'https://cdn.shopify.com/s/files/1/0020/5111/2996/products/products_2FE09-ENSVCHVCH1_2FE09-ENSVCHVCH1_1598244403370_316x316_crop_center.jpg?v=1598244412', 5736043, 14652578, 765680, 6, 3, 'velit', '4f8fcbe7-8dad-39e7-b105-5765d373f926', '1989-07-19 11:29:55', '1972-03-15 06:40:47');
INSERT INTO `product` (`productId`, `display`, `provider`, `description`, `imageUrl`, `priceIn`, `priceOut`, `priceSale`, `shipday`, `instock`, `status`, `categoryId`, `created_at`, `updated_at`) VALUES ('5e8cea84-389c-38af-b226-b15ffa6ec154', 'asperiores', 'Langworth PLC', 'Repellat ut ut est. Rem doloribus porro dolores. Voluptates at enim laborum praesentium.', 'https://cdn.shopify.com/s/files/1/0020/5111/2996/products/products_2FE09-ENSVCHVCH1_2FE09-ENSVCHVCH1_1598244403370_316x316_crop_center.jpg?v=1598244412', 3100920, 5722899, 378176, 1, 2, 'beatae', '902d08e7-04da-3be1-a2b0-51fe82ad88db', '2013-09-12 19:48:25', '1972-05-10 14:49:45');
INSERT INTO `product` (`productId`, `display`, `provider`, `description`, `imageUrl`, `priceIn`, `priceOut`, `priceSale`, `shipday`, `instock`, `status`, `categoryId`, `created_at`, `updated_at`) VALUES ('6048273b-b910-3766-8485-64dcd7c1f51f', 'omnis', 'Johnson-Bahringer', 'Fugiat quas non nobis fugiat est velit sint itaque. Dolore aliquam dolores et molestias consequuntur', 'https://cdn.shopify.com/s/files/1/0020/5111/2996/products/products_2FE09-ENSVCHVCH1_2FE09-ENSVCHVCH1_1598244403370_316x316_crop_center.jpg?v=1598244412', 6959489, 14775963, 73817, 4, 6, 'quos', '0dfe6a2d-f62c-3a3c-9bc3-0901d5435004', '1985-12-13 10:09:26', '2005-04-15 16:31:01');
INSERT INTO `product` (`productId`, `display`, `provider`, `description`, `imageUrl`, `priceIn`, `priceOut`, `priceSale`, `shipday`, `instock`, `status`, `categoryId`, `created_at`, `updated_at`) VALUES ('63948d62-6d5c-3325-9e74-2f0c4bffe371', 'dicta', 'O\'Reilly, Okuneva and O\'Kon', 'Eum et exercitationem labore magni aut tempora aperiam. Accusantium saepe quis et totam. Cupiditate ', 'https://cdn.shopify.com/s/files/1/0020/5111/2996/products/products_2FE09-ENSVCHVCH1_2FE09-ENSVCHVCH1_1598244403370_316x316_crop_center.jpg?v=1598244412', 7922525, 5426939, 99908, 3, 2, 'rem', '338935db-4990-3f62-a75c-ce7512a0dd31', '1982-02-03 06:29:22', '2010-09-05 02:46:17');
INSERT INTO `product` (`productId`, `display`, `provider`, `description`, `imageUrl`, `priceIn`, `priceOut`, `priceSale`, `shipday`, `instock`, `status`, `categoryId`, `created_at`, `updated_at`) VALUES ('669b055b-41da-37ac-9029-6820d930e36a', 'aperiam', 'Kertzmann-Greenholt', 'Quisquam ut aut est expedita in laboriosam. Debitis et et ut omnis. Ipsa at cupiditate quod exceptur', 'https://cdn.shopify.com/s/files/1/0020/5111/2996/products/products_2FE09-ENSVCHVCH1_2FE09-ENSVCHVCH1_1598244403370_316x316_crop_center.jpg?v=1598244412', 2328443, 19014646, 206471, 4, 9, 'rem', 'f44162c9-84e8-38c0-b54f-9d4e023f7b2a', '1971-08-15 14:11:53', '2011-05-05 18:51:09');
INSERT INTO `product` (`productId`, `display`, `provider`, `description`, `imageUrl`, `priceIn`, `priceOut`, `priceSale`, `shipday`, `instock`, `status`, `categoryId`, `created_at`, `updated_at`) VALUES ('68de12bc-ce79-32e0-89f0-e10c8a276432', 'dolores', 'Hamill Inc', 'Voluptatem error eaque dolor in tempore voluptatum. Sit fuga dolorem iure molestiae eaque nesciunt a', 'https://cdn.shopify.com/s/files/1/0020/5111/2996/products/products_2FE09-ENSVHSVCH1_2FE09-ENSVHSVCH1_1590718362350_316x316_crop_center.jpg?v=1590718369', 3157635, 18505462, 706272, 5, 2, 'eius', '81e5f2e3-45d9-3dcd-8693-2d8b95d9331f', '1986-10-01 17:12:34', '1992-06-05 12:10:05');
INSERT INTO `product` (`productId`, `display`, `provider`, `description`, `imageUrl`, `priceIn`, `priceOut`, `priceSale`, `shipday`, `instock`, `status`, `categoryId`, `created_at`, `updated_at`) VALUES ('6fbeb17e-c55a-3614-8e13-502bb8661c47', 'esse', 'McKenzie-Sipes', 'Optio ipsum placeat suscipit. Accusamus ut sed dignissimos. Nam sunt numquam soluta repellat.', 'https://cdn.shopify.com/s/files/1/0020/5111/2996/products/products_2FE09-ENSVHSVCH1_2FE09-ENSVHSVCH1_1590718362350_316x316_crop_center.jpg?v=1590718369', 2487776, 7603101, 386913, 1, 2, 'iure', '735002b7-1ac1-398f-beef-cf79b0b9735a', '2005-04-14 23:42:27', '2010-06-20 16:16:31');
INSERT INTO `product` (`productId`, `display`, `provider`, `description`, `imageUrl`, `priceIn`, `priceOut`, `priceSale`, `shipday`, `instock`, `status`, `categoryId`, `created_at`, `updated_at`) VALUES ('7364fc63-9c43-36a3-8ff9-cbc381c6519c', 'omnis', 'Bogan, Pollich and Pfannerstill', 'Consequatur doloremque ex magnam odio. Iste quam id veritatis possimus non omnis quo. Hic distinctio', 'https://cdn.shopify.com/s/files/1/0020/5111/2996/products/products_2FE09-ENSVHSVCH1_2FE09-ENSVHSVCH1_1590718362350_316x316_crop_center.jpg?v=1590718369', 5998294, 11831640, 336376, 6, 1, 'necessitatibus', '5f80806d-a95a-3fcb-830f-7817a4c11a6d', '2009-11-17 20:41:09', '2000-09-08 00:41:52');
INSERT INTO `product` (`productId`, `display`, `provider`, `description`, `imageUrl`, `priceIn`, `priceOut`, `priceSale`, `shipday`, `instock`, `status`, `categoryId`, `created_at`, `updated_at`) VALUES ('74142fde-6c93-3d37-bf53-ac918be56a4d', 'sunt', 'Runte Inc', 'At culpa perferendis necessitatibus magnam eius voluptate. Totam aliquid sit blanditiis.', 'https://cdn.shopify.com/s/files/1/0020/5111/2996/products/products_2FE09-ENSVHSVCH1_2FE09-ENSVHSVCH1_1590718362350_316x316_crop_center.jpg?v=1590718369', 2701203, 18618769, 817358, 3, 7, 'impedit', '5f80806d-a95a-3fcb-830f-7817a4c11a6d', '1978-04-17 09:53:15', '1992-05-24 10:30:02');
INSERT INTO `product` (`productId`, `display`, `provider`, `description`, `imageUrl`, `priceIn`, `priceOut`, `priceSale`, `shipday`, `instock`, `status`, `categoryId`, `created_at`, `updated_at`) VALUES ('742e7fa3-dee3-3db5-b4fd-5d1fe1c6a841', 'nisi', 'Balistreri, Nitzsche and Senger', 'Aut harum quam magnam aperiam possimus quia possimus excepturi. Consequuntur nam qui sapiente aut. Q', 'https://cdn.shopify.com/s/files/1/0020/5111/2996/products/products_2FE09-ENSVHSVCH1_2FE09-ENSVHSVCH1_1590718362350_316x316_crop_center.jpg?v=1590718369', 1999251, 3165902, 345498, 3, 6, 'ut', 'f44162c9-84e8-38c0-b54f-9d4e023f7b2a', '1982-05-01 15:14:39', '1977-04-27 16:45:54');
INSERT INTO `product` (`productId`, `display`, `provider`, `description`, `imageUrl`, `priceIn`, `priceOut`, `priceSale`, `shipday`, `instock`, `status`, `categoryId`, `created_at`, `updated_at`) VALUES ('765a8112-eaae-3730-8b5e-81c80fb253bf', 'dolores', 'Trantow-Herzog', 'Aut nemo voluptas aliquam magni occaecati autem nesciunt ut. Architecto qui placeat omnis consequatu', 'https://cdn.shopify.com/s/files/1/0020/5111/2996/products/products_2FE09-ENSVHSVCH1_2FE09-ENSVHSVCH1_1590718362350_316x316_crop_center.jpg?v=1590718369', 653723, 5955377, 175838, 5, 7, 'dolore', '4f8fcbe7-8dad-39e7-b105-5765d373f926', '1982-11-22 01:20:41', '2019-12-25 10:34:08');
INSERT INTO `product` (`productId`, `display`, `provider`, `description`, `imageUrl`, `priceIn`, `priceOut`, `priceSale`, `shipday`, `instock`, `status`, `categoryId`, `created_at`, `updated_at`) VALUES ('7a0022e7-b272-314d-9512-986af166fd6d', 'labore', 'Towne, Ondricka and Fay', 'Ut quia eos dolorum error velit aut corporis. Ut placeat nihil necessitatibus molestiae provident si', 'https://cdn.shopify.com/s/files/1/0020/5111/2996/products/products_2FE09-ENSVHSVCH1_2FE09-ENSVHSVCH1_1590718362350_316x316_crop_center.jpg?v=1590718369', 665932, 6974975, 701554, 5, 5, 'maiores', '0dfe6a2d-f62c-3a3c-9bc3-0901d5435004', '2017-01-09 02:05:37', '1974-10-21 02:39:52');
INSERT INTO `product` (`productId`, `display`, `provider`, `description`, `imageUrl`, `priceIn`, `priceOut`, `priceSale`, `shipday`, `instock`, `status`, `categoryId`, `created_at`, `updated_at`) VALUES ('7ed862bb-4d48-34cc-9078-0392f71a8871', 'quis', 'Balistreri Inc', 'Unde cupiditate ratione error dolorum perspiciatis. Non adipisci veritatis doloremque accusamus nequ', 'https://cdn.shopify.com/s/files/1/0020/5111/2996/products/products_2FE09-ENSVHSVCH1_2FE09-ENSVHSVCH1_1590718362350_316x316_crop_center.jpg?v=1590718369', 3366087, 15430329, 15851, 7, 5, 'tenetur', 'f44162c9-84e8-38c0-b54f-9d4e023f7b2a', '2016-04-14 07:38:12', '2009-10-07 17:21:41');
INSERT INTO `product` (`productId`, `display`, `provider`, `description`, `imageUrl`, `priceIn`, `priceOut`, `priceSale`, `shipday`, `instock`, `status`, `categoryId`, `created_at`, `updated_at`) VALUES ('81f947cf-3ddb-3282-9cc4-63e3a396ee88', 'distinctio', 'Dickinson-Bins', 'Provident iure et sed nihil tenetur. Est ut velit sint voluptatem. Sed accusantium voluptatem tempor', 'https://cdn.shopify.com/s/files/1/0020/5111/2996/products/products_2FE09-ENSVHSVCH1_2FE09-ENSVHSVCH1_1590718362350_316x316_crop_center.jpg?v=1590718369', 5321214, 10185170, 378509, 2, 5, 'eos', '902d08e7-04da-3be1-a2b0-51fe82ad88db', '1998-09-13 04:37:11', '2003-11-09 08:47:41');
INSERT INTO `product` (`productId`, `display`, `provider`, `description`, `imageUrl`, `priceIn`, `priceOut`, `priceSale`, `shipday`, `instock`, `status`, `categoryId`, `created_at`, `updated_at`) VALUES ('85c64732-d06d-3a76-a54f-02e6bd1d55bd', 'praesentium', 'Reinger, Okuneva and Denesik', 'Et quidem quasi quae eligendi adipisci nam incidunt. Nesciunt aspernatur est omnis inventore qui. Se', 'https://cdn.shopify.com/s/files/1/0020/5111/2996/products/products_2FE09-ENSVHSVCH1_2FE09-ENSVHSVCH1_1590718362350_316x316_crop_center.jpg?v=1590718369', 8870891, 7782420, 24195, 2, 9, 'eum', 'a96ed8cd-59b5-3f69-ac88-8c36d3ff7715', '1988-08-06 14:36:40', '1989-09-05 23:05:41');
INSERT INTO `product` (`productId`, `display`, `provider`, `description`, `imageUrl`, `priceIn`, `priceOut`, `priceSale`, `shipday`, `instock`, `status`, `categoryId`, `created_at`, `updated_at`) VALUES ('88e786fc-2920-3c29-a7e3-118e051b2acd', 'facere', 'Robel, Lebsack and Thompson', 'Id nobis ut eligendi quaerat. Ea quia labore quia libero quo. Numquam quae sapiente quod consequatur', 'https://cdn.shopify.com/s/files/1/0020/5111/2996/products/products_2FE09-ENSVHSVCH1_2FE09-ENSVHSVCH1_1590718362350_316x316_crop_center.jpg?v=1590718369', 8566509, 1231961, 775031, 7, 5, 'aut', '735002b7-1ac1-398f-beef-cf79b0b9735a', '1974-07-09 09:55:51', '1991-09-11 04:55:04');
INSERT INTO `product` (`productId`, `display`, `provider`, `description`, `imageUrl`, `priceIn`, `priceOut`, `priceSale`, `shipday`, `instock`, `status`, `categoryId`, `created_at`, `updated_at`) VALUES ('89e68360-fa71-3628-a7a0-9452458e5a66', 'temporibus', 'Ryan-Nicolas', 'Doloribus odio perferendis repellat. Ab eligendi dolorum velit maiores consequatur ut. Suscipit fugi', 'https://cdn.shopify.com/s/files/1/0020/5111/2996/products/products_2FE09-ENSVHSVCH1_2FE09-ENSVHSVCH1_1590718362350_316x316_crop_center.jpg?v=1590718369', 3490250, 14957317, 147709, 9, 5, 'suscipit', 'f44162c9-84e8-38c0-b54f-9d4e023f7b2a', '2003-02-03 12:33:54', '2003-05-28 12:20:42');
INSERT INTO `product` (`productId`, `display`, `provider`, `description`, `imageUrl`, `priceIn`, `priceOut`, `priceSale`, `shipday`, `instock`, `status`, `categoryId`, `created_at`, `updated_at`) VALUES ('8af28f1c-4c0b-3cae-8121-3db0a9adc18d', 'et', 'Graham Ltd', 'Hic sed nisi fugit rerum. Ipsam ex labore quibusdam. Rerum sint velit laudantium veritatis.', 'https://cdn.shopify.com/s/files/1/0020/5111/2996/products/products_2FE09-ENSVHSVCH1_2FE09-ENSVHSVCH1_1590718362350_316x316_crop_center.jpg?v=1590718369', 6246565, 1676664, 331504, 9, 7, 'quo', '902d08e7-04da-3be1-a2b0-51fe82ad88db', '1981-01-19 02:26:17', '1999-05-27 16:31:22');
INSERT INTO `product` (`productId`, `display`, `provider`, `description`, `imageUrl`, `priceIn`, `priceOut`, `priceSale`, `shipday`, `instock`, `status`, `categoryId`, `created_at`, `updated_at`) VALUES ('8c5e4e6d-7dca-3148-9f47-c79b07513c45', 'quasi', 'Mueller, Kris and Stehr', 'Inventore quod qui et autem quia sint. Doloremque adipisci recusandae assumenda repellat excepturi d', 'https://cdn.shopify.com/s/files/1/0020/5111/2996/products/products_2FE09-ENSVHSVCH1_2FE09-ENSVHSVCH1_1590718362350_316x316_crop_center.jpg?v=1590718369', 8600795, 10645328, 879996, 4, 1, 'aliquam', '5f80806d-a95a-3fcb-830f-7817a4c11a6d', '1977-04-26 22:29:34', '2015-04-13 22:37:57');
INSERT INTO `product` (`productId`, `display`, `provider`, `description`, `imageUrl`, `priceIn`, `priceOut`, `priceSale`, `shipday`, `instock`, `status`, `categoryId`, `created_at`, `updated_at`) VALUES ('8d615df1-bd20-3be7-89c6-5c8a043862d7', 'excepturi', 'Runte, Mante and Schmeler', 'Aut veniam est ea suscipit quo id. Non atque rerum et quis tempore sit optio. Sit molestiae accusamu', 'https://cdn.shopify.com/s/files/1/0020/5111/2996/products/products_2FE09-ENSVHSVCH1_2FE09-ENSVHSVCH1_1590718362350_316x316_crop_center.jpg?v=1590718369', 4341110, 11659625, 308361, 8, 9, 'odio', '735002b7-1ac1-398f-beef-cf79b0b9735a', '1985-05-17 10:01:02', '1983-05-30 17:54:17');
INSERT INTO `product` (`productId`, `display`, `provider`, `description`, `imageUrl`, `priceIn`, `priceOut`, `priceSale`, `shipday`, `instock`, `status`, `categoryId`, `created_at`, `updated_at`) VALUES ('939824db-9a02-3ea3-a665-c8a8aba71111', 'nihil', 'Grant, Emmerich and Boyer', 'Earum voluptas aut non pariatur iste quam quia. Aliquid laboriosam soluta necessitatibus dolore sit.', 'https://cdn.shopify.com/s/files/1/0020/5111/2996/products/products_2FG06-LPF18WFNH1_2FG06-LPF18WFNH1_1573635978880_316x316_crop_center.jpg?v=1574304112', 9024027, 3902594, 671738, 3, 4, 'qui', 'a96ed8cd-59b5-3f69-ac88-8c36d3ff7715', '1992-01-16 06:25:10', '2001-10-09 08:46:24');
INSERT INTO `product` (`productId`, `display`, `provider`, `description`, `imageUrl`, `priceIn`, `priceOut`, `priceSale`, `shipday`, `instock`, `status`, `categoryId`, `created_at`, `updated_at`) VALUES ('949900a5-e13c-3468-a283-65ab8a361665', 'et', 'Stanton-Armstrong', 'Nihil quod autem voluptatem facilis iste ipsum assumenda id. Cumque est fuga commodi modi. Officiis ', 'https://cdn.shopify.com/s/files/1/0020/5111/2996/products/products_2FG06-LPF18WFNH1_2FG06-LPF18WFNH1_1573635978880_316x316_crop_center.jpg?v=1574304112', 89254, 10700841, 860848, 1, 9, 'dolores', '9efbe2e6-ec10-36c4-a56e-992dd580da02', '1975-09-21 08:27:09', '1979-02-27 02:22:15');
INSERT INTO `product` (`productId`, `display`, `provider`, `description`, `imageUrl`, `priceIn`, `priceOut`, `priceSale`, `shipday`, `instock`, `status`, `categoryId`, `created_at`, `updated_at`) VALUES ('978af8a4-c809-3dd3-91cb-0b78f4e5e8d0', 'nihil', 'Koch Ltd', 'Voluptate voluptatum perspiciatis consequatur harum. Id accusamus qui perspiciatis vel tempore ex. D', 'https://cdn.shopify.com/s/files/1/0020/5111/2996/products/products_2FG06-LPF18WFNH1_2FG06-LPF18WFNH1_1573635978880_316x316_crop_center.jpg?v=1574304112', 3188715, 12268896, 863465, 3, 1, 'et', '4f8fcbe7-8dad-39e7-b105-5765d373f926', '2000-04-18 21:06:38', '2006-02-21 14:22:38');
INSERT INTO `product` (`productId`, `display`, `provider`, `description`, `imageUrl`, `priceIn`, `priceOut`, `priceSale`, `shipday`, `instock`, `status`, `categoryId`, `created_at`, `updated_at`) VALUES ('9813ebc4-e910-3406-a468-d8dbe0bf1186', 'labore', 'Bechtelar-Kuhlman', 'Nesciunt eum distinctio asperiores occaecati pariatur est vitae. Velit impedit qui eaque modi volupt', 'https://cdn.shopify.com/s/files/1/0020/5111/2996/products/products_2FG06-LPF18WFNH1_2FG06-LPF18WFNH1_1573635978880_316x316_crop_center.jpg?v=1574304112', 5567203, 16205848, 381860, 3, 9, 'atque', 'f44162c9-84e8-38c0-b54f-9d4e023f7b2a', '2009-08-23 17:19:46', '2003-04-26 02:41:58');
INSERT INTO `product` (`productId`, `display`, `provider`, `description`, `imageUrl`, `priceIn`, `priceOut`, `priceSale`, `shipday`, `instock`, `status`, `categoryId`, `created_at`, `updated_at`) VALUES ('a37689d4-8e05-3e76-91b8-5106fddb807a', 'neque', 'Schaefer, Nolan and Murphy', 'Magnam asperiores perspiciatis saepe veritatis nam laboriosam ducimus et. Dolor itaque sunt suscipit', 'https://cdn.shopify.com/s/files/1/0020/5111/2996/products/products_2FG06-LPF18WFNH1_2FG06-LPF18WFNH1_1573635978880_316x316_crop_center.jpg?v=1574304112', 7669311, 887976, 839148, 6, 4, 'voluptatem', '81e5f2e3-45d9-3dcd-8693-2d8b95d9331f', '2019-01-25 19:38:28', '2008-10-15 16:53:38');
INSERT INTO `product` (`productId`, `display`, `provider`, `description`, `imageUrl`, `priceIn`, `priceOut`, `priceSale`, `shipday`, `instock`, `status`, `categoryId`, `created_at`, `updated_at`) VALUES ('a5c66bbe-ab10-3663-9e50-ad63caf22bd6', 'est', 'Herman Ltd', 'Officia quam velit et suscipit quas pariatur magnam veritatis. Et velit aut nisi veritatis. Aut offi', 'https://cdn.shopify.com/s/files/1/0020/5111/2996/products/products_2FG06-LPF18WFNH1_2FG06-LPF18WFNH1_1573635978880_316x316_crop_center.jpg?v=1574304112', 5962553, 18388877, 821254, 4, 2, 'placeat', '902d08e7-04da-3be1-a2b0-51fe82ad88db', '2004-11-15 03:31:32', '1982-06-18 09:22:43');
INSERT INTO `product` (`productId`, `display`, `provider`, `description`, `imageUrl`, `priceIn`, `priceOut`, `priceSale`, `shipday`, `instock`, `status`, `categoryId`, `created_at`, `updated_at`) VALUES ('a89badc0-32d6-3365-bee7-b2e7cdd9b1fe', 'esse', 'Marvin, Schuster and Stanton', 'Nostrum voluptatem id qui. Quia rerum magnam enim porro et veniam. Maxime accusantium et aliquid eiu', 'https://cdn.shopify.com/s/files/1/0020/5111/2996/products/products_2FG06-LPF18WFNH1_2FG06-LPF18WFNH1_1573635978880_316x316_crop_center.jpg?v=1574304112', 6333644, 8231237, 909607, 8, 5, 'iusto', '9efbe2e6-ec10-36c4-a56e-992dd580da02', '1995-01-23 19:55:27', '1974-02-17 16:58:26');
INSERT INTO `product` (`productId`, `display`, `provider`, `description`, `imageUrl`, `priceIn`, `priceOut`, `priceSale`, `shipday`, `instock`, `status`, `categoryId`, `created_at`, `updated_at`) VALUES ('aa637047-bbc0-3ffb-90a7-8a9d88aeca3f', 'et', 'Heidenreich Inc', 'Assumenda non molestiae aspernatur et dolores illum. Illo quo non culpa est sed dolorem. Id ea quas ', 'https://cdn.shopify.com/s/files/1/0020/5111/2996/products/products_2FG06-LPF18WFNH1_2FG06-LPF18WFNH1_1573635978880_316x316_crop_center.jpg?v=1574304112', 7053608, 10555916, 674500, 6, 6, 'quos', '735002b7-1ac1-398f-beef-cf79b0b9735a', '1970-05-31 22:56:22', '2011-08-25 21:06:23');
INSERT INTO `product` (`productId`, `display`, `provider`, `description`, `imageUrl`, `priceIn`, `priceOut`, `priceSale`, `shipday`, `instock`, `status`, `categoryId`, `created_at`, `updated_at`) VALUES ('b09c8211-9532-3237-baed-698ad0f4163c', 'quisquam', 'Treutel-Bernhard', 'Repudiandae rerum eius labore. Illum ut fuga non. Sapiente laborum at sed expedita nostrum aperiam e', 'https://cdn.shopify.com/s/files/1/0020/5111/2996/products/products_2FG06-LPF18WFNH1_2FG06-LPF18WFNH1_1573635978880_316x316_crop_center.jpg?v=1574304112', 9472937, 19321818, 514951, 8, 2, 'praesentium', '735002b7-1ac1-398f-beef-cf79b0b9735a', '1976-09-09 22:07:16', '1992-10-06 08:25:25');
INSERT INTO `product` (`productId`, `display`, `provider`, `description`, `imageUrl`, `priceIn`, `priceOut`, `priceSale`, `shipday`, `instock`, `status`, `categoryId`, `created_at`, `updated_at`) VALUES ('b162666c-9fc4-335b-ab52-23c3580f0da2', 'et', 'DuBuque, Reynolds and Erdman', 'Aut commodi corrupti eligendi a nulla. Sint ab possimus animi molestias ducimus nisi vel. Quos conse', 'https://cdn.shopify.com/s/files/1/0020/5111/2996/products/products_2FG06-LPF18WFNH1_2FG06-LPF18WFNH1_1573635978880_316x316_crop_center.jpg?v=1574304112', 724076, 11749563, 519495, 3, 8, 'alias', '0dfe6a2d-f62c-3a3c-9bc3-0901d5435004', '1997-07-29 05:17:45', '1987-06-30 22:41:31');
INSERT INTO `product` (`productId`, `display`, `provider`, `description`, `imageUrl`, `priceIn`, `priceOut`, `priceSale`, `shipday`, `instock`, `status`, `categoryId`, `created_at`, `updated_at`) VALUES ('b1aff6b8-8ac7-3406-80fd-e216d165614e', 'et', 'Larson LLC', 'Sint eaque sit sapiente et sit temporibus accusantium. Amet voluptas assumenda consequatur beatae. O', 'https://cdn.shopify.com/s/files/1/0020/5111/2996/products/products_2FG06-LPF18WFNH1_2FG06-LPF18WFNH1_1573635978880_316x316_crop_center.jpg?v=1574304112', 5756682, 798113, 576363, 8, 2, 'iusto', '81e5f2e3-45d9-3dcd-8693-2d8b95d9331f', '1989-04-11 03:14:26', '2019-11-08 21:59:33');
INSERT INTO `product` (`productId`, `display`, `provider`, `description`, `imageUrl`, `priceIn`, `priceOut`, `priceSale`, `shipday`, `instock`, `status`, `categoryId`, `created_at`, `updated_at`) VALUES ('b2840795-3da0-3d9e-b2c2-e3c3134783b6', 'distinctio', 'Nikolaus PLC', 'Doloribus dolores sint harum perspiciatis aut occaecati rerum. Rerum molestiae aut nesciunt corrupti', 'https://cdn.shopify.com/s/files/1/0020/5111/2996/products/products_2FG06-LPF18WFNH1_2FG06-LPF18WFNH1_1573635978880_316x316_crop_center.jpg?v=1574304112', 6009113, 12208178, 583232, 1, 9, 'est', '0dfe6a2d-f62c-3a3c-9bc3-0901d5435004', '2001-06-07 05:01:16', '1998-11-27 21:18:16');
INSERT INTO `product` (`productId`, `display`, `provider`, `description`, `imageUrl`, `priceIn`, `priceOut`, `priceSale`, `shipday`, `instock`, `status`, `categoryId`, `created_at`, `updated_at`) VALUES ('b3a94496-effb-3208-919e-02991d64b21a', 'in', 'Robel, Schoen and Schumm', 'Eaque et illum vitae quas omnis aperiam quaerat. Odit deleniti sequi ut eaque mollitia fugiat. Incid', 'https://cdn.shopify.com/s/files/1/0020/5111/2996/products/products_2FG06-LPF18WFNH1_2FG06-LPF18WFNH1_1573635978880_316x316_crop_center.jpg?v=1574304112', 9585901, 11459538, 341093, 7, 3, 'quo', '735002b7-1ac1-398f-beef-cf79b0b9735a', '2012-10-12 13:10:24', '2012-07-14 18:41:29');
INSERT INTO `product` (`productId`, `display`, `provider`, `description`, `imageUrl`, `priceIn`, `priceOut`, `priceSale`, `shipday`, `instock`, `status`, `categoryId`, `created_at`, `updated_at`) VALUES ('b595c9e1-6842-31dc-96d9-b393bf5935b2', 'et', 'Jacobson LLC', 'Amet voluptatem repudiandae suscipit repudiandae. Fuga aut repellat minima suscipit. Quas itaque omn', 'https://cdn.shopify.com/s/files/1/0020/5111/2996/products/products_2FG06-LPF18WFNH1_2FG06-LPF18WFNH1_1573635978880_316x316_crop_center.jpg?v=1574304112', 7865062, 14315782, 581832, 9, 8, 'maiores', '338935db-4990-3f62-a75c-ce7512a0dd31', '2015-04-16 15:18:43', '1998-12-19 23:01:41');
INSERT INTO `product` (`productId`, `display`, `provider`, `description`, `imageUrl`, `priceIn`, `priceOut`, `priceSale`, `shipday`, `instock`, `status`, `categoryId`, `created_at`, `updated_at`) VALUES ('b8cea465-0ccb-31a9-bd96-85cd8702cb31', 'eligendi', 'Deckow-Tremblay', 'Tempora mollitia similique possimus et sit. Minus velit autem magni qui necessitatibus quo.', 'https://cdn.shopify.com/s/files/1/0020/5111/2996/products/products_2FG06-LPF18WFNH1_2FG06-LPF18WFNH1_1573635978880_316x316_crop_center.jpg?v=1574304112', 8722835, 8667775, 653741, 3, 7, 'ea', '4f8fcbe7-8dad-39e7-b105-5765d373f926', '1987-07-16 01:21:03', '2010-03-09 14:55:51');
INSERT INTO `product` (`productId`, `display`, `provider`, `description`, `imageUrl`, `priceIn`, `priceOut`, `priceSale`, `shipday`, `instock`, `status`, `categoryId`, `created_at`, `updated_at`) VALUES ('bc780b53-ac93-3500-90c8-fc1bf3c1f937', 'dolorem', 'Kris-Robel', 'Sequi officia culpa necessitatibus. Atque alias qui veniam est quia. Quia qui et et eius.', 'https://cdn.shopify.com/s/files/1/0020/5111/2996/products/products_2FG06-LPF18WFNH1_2FG06-LPF18WFNH1_1573635978880_316x316_crop_center.jpg?v=1574304112', 6699940, 10789119, 244543, 4, 7, 'sit', '338935db-4990-3f62-a75c-ce7512a0dd31', '1989-03-26 16:44:36', '2016-02-16 22:50:40');
INSERT INTO `product` (`productId`, `display`, `provider`, `description`, `imageUrl`, `priceIn`, `priceOut`, `priceSale`, `shipday`, `instock`, `status`, `categoryId`, `created_at`, `updated_at`) VALUES ('c101788f-341a-39a8-830d-e647b7d5cf4e', 'sint', 'Steuber, Witting and Batz', 'Quia fuga beatae voluptas nam. Reiciendis debitis sunt et veritatis vero. Asperiores fugiat facere t', 'https://cdn.shopify.com/s/files/1/0020/5111/2996/products/products_2FG06-LPF18WFNH1_2FG06-LPF18WFNH1_1573635978880_316x316_crop_center.jpg?v=1574304112', 8482366, 8110388, 731883, 1, 8, 'non', 'a96ed8cd-59b5-3f69-ac88-8c36d3ff7715', '2012-12-13 10:03:00', '1992-01-31 05:09:19');
INSERT INTO `product` (`productId`, `display`, `provider`, `description`, `imageUrl`, `priceIn`, `priceOut`, `priceSale`, `shipday`, `instock`, `status`, `categoryId`, `created_at`, `updated_at`) VALUES ('c34719bc-939b-3202-9e71-54b2fffcb347', 'blanditiis', 'Adams-Schmeler', 'Fugiat molestiae quia aut error tempora sapiente. Neque reprehenderit qui et est et voluptatem facer', 'https://cdn.shopify.com/s/files/1/0020/5111/2996/products/products_2FG06-LPF18WFNH1_2FG06-LPF18WFNH1_1573635978880_316x316_crop_center.jpg?v=1574304112', 4044330, 10382971, 659074, 5, 1, 'consequatur', '81e5f2e3-45d9-3dcd-8693-2d8b95d9331f', '2020-04-03 01:25:56', '1979-09-22 08:42:36');
INSERT INTO `product` (`productId`, `display`, `provider`, `description`, `imageUrl`, `priceIn`, `priceOut`, `priceSale`, `shipday`, `instock`, `status`, `categoryId`, `created_at`, `updated_at`) VALUES ('c548c749-f750-3b71-8abe-f2d2a65d211d', 'et', 'Hansen-Hagenes', 'Aut aliquid ut molestias quam. Facilis sunt a odio est quo eveniet nesciunt. Ullam aperiam exercitat', 'https://cdn.shopify.com/s/files/1/0020/5111/2996/products/products_2FG06-LPF18WFNH1_2FG06-LPF18WFNH1_1573635978880_316x316_crop_center.jpg?v=1574304112', 6382711, 5341608, 24508, 4, 8, 'quidem', '735002b7-1ac1-398f-beef-cf79b0b9735a', '1982-12-12 16:29:40', '1991-04-22 15:59:15');
INSERT INTO `product` (`productId`, `display`, `provider`, `description`, `imageUrl`, `priceIn`, `priceOut`, `priceSale`, `shipday`, `instock`, `status`, `categoryId`, `created_at`, `updated_at`) VALUES ('c674cb6d-c103-3a76-a6ed-39f6c8de6b0e', 'quis', 'Block, Schultz and Mills', 'Quae minus rerum quod vitae nisi saepe facilis. Quo doloremque ratione aliquid quo consectetur et au', 'https://cdn.shopify.com/s/files/1/0020/5111/2996/products/products_2FG06-LPF18WFNH1_2FG06-LPF18WFNH1_1573635978880_316x316_crop_center.jpg?v=1574304112', 6497723, 15051134, 394319, 8, 6, 'in', '902d08e7-04da-3be1-a2b0-51fe82ad88db', '1978-08-30 08:19:26', '2017-04-04 06:03:22');
INSERT INTO `product` (`productId`, `display`, `provider`, `description`, `imageUrl`, `priceIn`, `priceOut`, `priceSale`, `shipday`, `instock`, `status`, `categoryId`, `created_at`, `updated_at`) VALUES ('cde46567-7889-31ba-b680-388563ea1208', 'corrupti', 'Reilly-Jerde', 'Earum non pariatur in temporibus incidunt nobis. In ad aut in adipisci commodi.', 'https://cdn.shopify.com/s/files/1/0020/5111/2996/products/products_2FG06-LPF18WFNH1_2FG06-LPF18WFNH1_1573635978880_316x316_crop_center.jpg?v=1574304112', 1820890, 9421871, 382274, 8, 8, 'et', '735002b7-1ac1-398f-beef-cf79b0b9735a', '1999-06-06 22:48:00', '1971-10-11 22:05:07');
INSERT INTO `product` (`productId`, `display`, `provider`, `description`, `imageUrl`, `priceIn`, `priceOut`, `priceSale`, `shipday`, `instock`, `status`, `categoryId`, `created_at`, `updated_at`) VALUES ('d8b5df54-a366-34c9-8f87-5458c29a2fd3', 'non', 'Powlowski, Bartell and Crona', 'Mollitia quaerat earum omnis commodi voluptas eligendi explicabo. Quia debitis quidem sunt sint ex e', 'https://cdn.shopify.com/s/files/1/0020/5111/2996/products/products_2FG06-LPR60VOABNH1_2FG06-LPR60VOABNH1_1592469158520_316x316_crop_center.jpg?v=1592469168', 6860111, 6922052, 62447, 8, 7, 'rerum', '735002b7-1ac1-398f-beef-cf79b0b9735a', '2000-03-14 07:20:22', '1975-03-26 15:46:15');
INSERT INTO `product` (`productId`, `display`, `provider`, `description`, `imageUrl`, `priceIn`, `priceOut`, `priceSale`, `shipday`, `instock`, `status`, `categoryId`, `created_at`, `updated_at`) VALUES ('dc10c831-78a4-35a5-8d2a-a78e3001ee06', 'porro', 'Quigley, Lueilwitz and Walter', 'Impedit magnam expedita et aut natus culpa quia dignissimos. Eligendi ex ut est quidem numquam ea.', 'https://cdn.shopify.com/s/files/1/0020/5111/2996/products/products_2FG06-LPR60VOABNH1_2FG06-LPR60VOABNH1_1592469158520_316x316_crop_center.jpg?v=1592469168', 3670660, 9794068, 803879, 4, 8, 'doloribus', '338935db-4990-3f62-a75c-ce7512a0dd31', '1971-02-18 14:20:08', '1975-07-18 12:59:59');
INSERT INTO `product` (`productId`, `display`, `provider`, `description`, `imageUrl`, `priceIn`, `priceOut`, `priceSale`, `shipday`, `instock`, `status`, `categoryId`, `created_at`, `updated_at`) VALUES ('ddeac884-0c66-331c-858a-c37aa3598548', 'nemo', 'Mertz-Rutherford', 'Inventore quisquam et reprehenderit incidunt eum omnis id. Autem minima et cum fugit ducimus sed. Ma', 'https://cdn.shopify.com/s/files/1/0020/5111/2996/products/products_2FG06-LPR60VOABNH1_2FG06-LPR60VOABNH1_1592469158520_316x316_crop_center.jpg?v=1592469168', 4652391, 18533644, 35767, 5, 1, 'deleniti', '5f80806d-a95a-3fcb-830f-7817a4c11a6d', '2014-10-28 10:20:19', '2008-11-15 04:12:44');
INSERT INTO `product` (`productId`, `display`, `provider`, `description`, `imageUrl`, `priceIn`, `priceOut`, `priceSale`, `shipday`, `instock`, `status`, `categoryId`, `created_at`, `updated_at`) VALUES ('dfc02624-ab9f-36fe-ad27-b05e276b1382', 'id', 'Morar-Ryan', 'Quae nihil occaecati rerum velit alias exercitationem. Cumque aliquam alias et ut non. Aut ea eum mo', 'https://cdn.shopify.com/s/files/1/0020/5111/2996/products/products_2FG06-LPR60VOABNH1_2FG06-LPR60VOABNH1_1592469158520_316x316_crop_center.jpg?v=1592469168', 7462606, 244819, 506585, 7, 7, 'in', '0dfe6a2d-f62c-3a3c-9bc3-0901d5435004', '2019-10-02 03:24:29', '1981-04-09 09:22:36');
INSERT INTO `product` (`productId`, `display`, `provider`, `description`, `imageUrl`, `priceIn`, `priceOut`, `priceSale`, `shipday`, `instock`, `status`, `categoryId`, `created_at`, `updated_at`) VALUES ('e06590f7-491f-365d-8409-b78bf88254b6', 'ducimus', 'Littel-Larkin', 'Quaerat quasi alias commodi nam molestias tempore. Unde aliquid animi dolor rerum. Unde omnis autem ', 'https://cdn.shopify.com/s/files/1/0020/5111/2996/products/products_2FG06-LPR60VOABNH1_2FG06-LPR60VOABNH1_1592469158520_316x316_crop_center.jpg?v=1592469168', 2223101, 4348806, 950348, 8, 8, 'labore', '9efbe2e6-ec10-36c4-a56e-992dd580da02', '2019-04-09 20:06:43', '1979-07-23 23:19:46');
INSERT INTO `product` (`productId`, `display`, `provider`, `description`, `imageUrl`, `priceIn`, `priceOut`, `priceSale`, `shipday`, `instock`, `status`, `categoryId`, `created_at`, `updated_at`) VALUES ('e1e069ba-8a85-3bf2-a5e4-2686ac144fe6', 'libero', 'Yost Group', 'Ad fugiat sunt minus eum earum sunt qui quia. Perferendis voluptatum ullam molestias odio asperiores', 'https://cdn.shopify.com/s/files/1/0020/5111/2996/products/products_2FG06-LPR60VOABNH1_2FG06-LPR60VOABNH1_1592469158520_316x316_crop_center.jpg?v=1592469168', 7205199, 6200485, 469642, 3, 4, 'sit', '338935db-4990-3f62-a75c-ce7512a0dd31', '2011-05-02 14:27:10', '1978-07-24 07:30:18');
INSERT INTO `product` (`productId`, `display`, `provider`, `description`, `imageUrl`, `priceIn`, `priceOut`, `priceSale`, `shipday`, `instock`, `status`, `categoryId`, `created_at`, `updated_at`) VALUES ('e201d43d-b26e-370d-ad33-52a8438aea8a', 'omnis', 'Heaney-Barton', 'Libero id necessitatibus a ab ut natus. Aut culpa voluptatum tempora ut. Optio et occaecati pariatur', 'https://cdn.shopify.com/s/files/1/0020/5111/2996/products/products_2FG06-LPR60VOABNH1_2FG06-LPR60VOABNH1_1592469158520_316x316_crop_center.jpg?v=1592469168', 3858881, 4322541, 455308, 4, 7, 'dolor', '5f80806d-a95a-3fcb-830f-7817a4c11a6d', '1992-05-25 19:02:42', '2011-04-18 04:31:58');
INSERT INTO `product` (`productId`, `display`, `provider`, `description`, `imageUrl`, `priceIn`, `priceOut`, `priceSale`, `shipday`, `instock`, `status`, `categoryId`, `created_at`, `updated_at`) VALUES ('e34090df-e82e-3252-9c9e-d7c8a914bcec', 'ut', 'Cremin-O\'Reilly', 'Aliquid quia quos voluptatem doloribus qui. Deleniti nam autem impedit perferendis. Non necessitatib', 'https://cdn.shopify.com/s/files/1/0020/5111/2996/products/products_2FG06-LPR60VOABNH1_2FG06-LPR60VOABNH1_1592469158520_316x316_crop_center.jpg?v=1592469168', 6565811, 17300985, 294492, 4, 5, 'voluptatem', '81e5f2e3-45d9-3dcd-8693-2d8b95d9331f', '1989-03-03 18:43:28', '2011-11-03 05:50:26');
INSERT INTO `product` (`productId`, `display`, `provider`, `description`, `imageUrl`, `priceIn`, `priceOut`, `priceSale`, `shipday`, `instock`, `status`, `categoryId`, `created_at`, `updated_at`) VALUES ('e358ee81-bfc6-3c99-b553-bed6675673a7', 'sit', 'Williamson, Lowe and Witting', 'Non placeat hic at qui inventore esse optio. Deleniti distinctio ut odit consequatur voluptatem. Rei', 'https://cdn.shopify.com/s/files/1/0020/5111/2996/products/products_2FG06-LPR60VOABNH1_2FG06-LPR60VOABNH1_1592469158520_316x316_crop_center.jpg?v=1592469168', 8521920, 1677486, 702153, 7, 8, 'sit', '0dfe6a2d-f62c-3a3c-9bc3-0901d5435004', '1972-06-25 21:00:32', '1993-01-31 17:32:43');
INSERT INTO `product` (`productId`, `display`, `provider`, `description`, `imageUrl`, `priceIn`, `priceOut`, `priceSale`, `shipday`, `instock`, `status`, `categoryId`, `created_at`, `updated_at`) VALUES ('e42e5b7d-b6d1-3b2e-b462-a28bcd26d9f5', 'recusandae', 'Fisher, Heller and Bauch', 'Enim ea et et omnis. Iste sapiente voluptas ullam magni veritatis placeat. Esse quod dolores vel et.', 'https://cdn.shopify.com/s/files/1/0020/5111/2996/products/products_2FG06-LPR60VOABNH1_2FG06-LPR60VOABNH1_1592469158520_316x316_crop_center.jpg?v=1592469168', 7379282, 18122560, 846820, 4, 8, 'exercitationem', 'a96ed8cd-59b5-3f69-ac88-8c36d3ff7715', '1995-04-19 11:41:01', '1999-10-17 10:10:14');
INSERT INTO `product` (`productId`, `display`, `provider`, `description`, `imageUrl`, `priceIn`, `priceOut`, `priceSale`, `shipday`, `instock`, `status`, `categoryId`, `created_at`, `updated_at`) VALUES ('e47da152-721b-3b62-b5db-23f6160556fa', 'consequuntur', 'Cormier LLC', 'Voluptate commodi possimus voluptatem et asperiores architecto tenetur. Aspernatur fugiat velit quas', 'https://cdn.shopify.com/s/files/1/0020/5111/2996/products/products_2FI01-PIA3761-SLW_2FI01-PIA3761-SLW_1592894436960_316x316_crop_center.jpg?v=1592894448', 1585996, 7111543, 873308, 1, 1, 'tempora', '9efbe2e6-ec10-36c4-a56e-992dd580da02', '2008-12-28 05:42:08', '1976-12-23 16:41:56');
INSERT INTO `product` (`productId`, `display`, `provider`, `description`, `imageUrl`, `priceIn`, `priceOut`, `priceSale`, `shipday`, `instock`, `status`, `categoryId`, `created_at`, `updated_at`) VALUES ('e5f0da25-f5c5-3d17-95f2-616acd3c9df7', 'aut', 'Shanahan-VonRueden', 'Harum ipsa nobis odit quis. Voluptas sed sit ut enim. Unde dolores ipsam molestias expedita. Sed inc', 'https://cdn.shopify.com/s/files/1/0020/5111/2996/products/products_2FI01-PIA3761-SLW_2FI01-PIA3761-SLW_1592894436960_316x316_crop_center.jpg?v=1592894448', 4838382, 14693920, 567556, 1, 4, 'ad', 'a96ed8cd-59b5-3f69-ac88-8c36d3ff7715', '2013-04-08 10:10:48', '1970-09-02 13:29:00');
INSERT INTO `product` (`productId`, `display`, `provider`, `description`, `imageUrl`, `priceIn`, `priceOut`, `priceSale`, `shipday`, `instock`, `status`, `categoryId`, `created_at`, `updated_at`) VALUES ('e60b44e4-f2d2-35d8-8d93-40d039158187', 'quis', 'Jones, Beer and Hayes', 'Nostrum incidunt similique et sed unde explicabo ut. Enim rerum distinctio omnis iste placeat. Non a', 'https://cdn.shopify.com/s/files/1/0020/5111/2996/products/products_2FI01-PIA3761-SLW_2FI01-PIA3761-SLW_1592894436960_316x316_crop_center.jpg?v=1592894448', 4677429, 14347567, 495944, 3, 3, 'corrupti', 'f44162c9-84e8-38c0-b54f-9d4e023f7b2a', '1986-02-11 13:45:55', '1988-06-05 04:07:19');
INSERT INTO `product` (`productId`, `display`, `provider`, `description`, `imageUrl`, `priceIn`, `priceOut`, `priceSale`, `shipday`, `instock`, `status`, `categoryId`, `created_at`, `updated_at`) VALUES ('e7b775a4-c35d-3906-bd3f-22fc1e09838b', 'atque', 'Marquardt-Turcotte', 'Architecto ipsam quos dolores voluptatem laboriosam praesentium. Dicta sequi aspernatur dolor earum ', 'https://cdn.shopify.com/s/files/1/0020/5111/2996/products/products_2FI01-PIA3761-SLW_2FI01-PIA3761-SLW_1592894436960_316x316_crop_center.jpg?v=1592894448', 3027715, 476429, 320327, 4, 3, 'maxime', '9efbe2e6-ec10-36c4-a56e-992dd580da02', '1994-11-26 22:05:00', '1977-07-30 18:33:52');
INSERT INTO `product` (`productId`, `display`, `provider`, `description`, `imageUrl`, `priceIn`, `priceOut`, `priceSale`, `shipday`, `instock`, `status`, `categoryId`, `created_at`, `updated_at`) VALUES ('e9809cf1-c9cc-3a71-b5e5-5cb309ce8abb', 'quasi', 'Hoppe-Schuppe', 'Impedit et est nesciunt commodi ex ab omnis veniam. Ea quis laborum sit molestiae. Quas et aut quod ', 'https://cdn.shopify.com/s/files/1/0020/5111/2996/products/products_2FI01-PIA3761-SLW_2FI01-PIA3761-SLW_1592894436960_316x316_crop_center.jpg?v=1592894448', 1055064, 7593311, 689990, 4, 4, 'consequuntur', '0dfe6a2d-f62c-3a3c-9bc3-0901d5435004', '2015-06-24 10:28:36', '2011-09-24 09:19:28');
INSERT INTO `product` (`productId`, `display`, `provider`, `description`, `imageUrl`, `priceIn`, `priceOut`, `priceSale`, `shipday`, `instock`, `status`, `categoryId`, `created_at`, `updated_at`) VALUES ('f0969e04-4cda-335a-820e-6b5ad0cf2d49', 'nulla', 'Bergnaum Inc', 'Vero suscipit eveniet quo cupiditate. Repellat voluptate eum sit in ratione vel odit vitae. Repudian', 'https://cdn.shopify.com/s/files/1/0020/5111/2996/products/products_2FI01-PIA3761-SLW_2FI01-PIA3761-SLW_1592894436960_316x316_crop_center.jpg?v=1592894448', 8126891, 7761265, 417416, 5, 5, 'nihil', '81e5f2e3-45d9-3dcd-8693-2d8b95d9331f', '1998-02-17 21:45:30', '2005-04-07 16:02:25');
INSERT INTO `product` (`productId`, `display`, `provider`, `description`, `imageUrl`, `priceIn`, `priceOut`, `priceSale`, `shipday`, `instock`, `status`, `categoryId`, `created_at`, `updated_at`) VALUES ('f1d12008-f463-3986-a864-546dfb6c9b6b', 'incidunt', 'Miller LLC', 'Maxime excepturi vel nesciunt minus labore. Nobis quia repellat ea hic ut sed. Et quia hic iure natu', 'https://cdn.shopify.com/s/files/1/0020/5111/2996/products/products_2FI01-PIA3761-SLW_2FI01-PIA3761-SLW_1592894436960_316x316_crop_center.jpg?v=1592894448', 3189090, 15815929, 213832, 4, 8, 'sapiente', '902d08e7-04da-3be1-a2b0-51fe82ad88db', '2018-09-05 22:27:15', '2001-05-18 08:46:03');
INSERT INTO `product` (`productId`, `display`, `provider`, `description`, `imageUrl`, `priceIn`, `priceOut`, `priceSale`, `shipday`, `instock`, `status`, `categoryId`, `created_at`, `updated_at`) VALUES ('f4a65fc1-4dab-3432-87e5-8f36fdcb8394', 'neque', 'Dickens-Becker', 'Sed dolorem et quia ducimus et. Voluptate commodi porro aut totam dolorem nisi dignissimos. Tenetur ', 'https://cdn.shopify.com/s/files/1/0020/5111/2996/products/products_2FI01-PIA3761-SLW_2FI01-PIA3761-SLW_1592894436960_316x316_crop_center.jpg?v=1592894448', 1889938, 17229229, 521251, 9, 4, 'impedit', '5f80806d-a95a-3fcb-830f-7817a4c11a6d', '1996-08-13 21:56:25', '2000-01-25 00:35:02');
INSERT INTO `product` (`productId`, `display`, `provider`, `description`, `imageUrl`, `priceIn`, `priceOut`, `priceSale`, `shipday`, `instock`, `status`, `categoryId`, `created_at`, `updated_at`) VALUES ('f6426cbf-14d0-3367-86c0-98d335e40187', 'ut', 'Hand-Ryan', 'Ab cumque eum laudantium libero laudantium inventore iure. Et vel quia consequatur placeat laboriosa', 'https://cdn.shopify.com/s/files/1/0020/5111/2996/products/products_2FI01-PIA3761-SLW_2FI01-PIA3761-SLW_1592894436960_316x316_crop_center.jpg?v=1592894448', 551738, 11048046, 577017, 1, 1, 'earum', '338935db-4990-3f62-a75c-ce7512a0dd31', '2006-09-16 07:57:03', '1974-08-07 07:08:47');
INSERT INTO `product` (`productId`, `display`, `provider`, `description`, `imageUrl`, `priceIn`, `priceOut`, `priceSale`, `shipday`, `instock`, `status`, `categoryId`, `created_at`, `updated_at`) VALUES ('fcc5b3f1-046e-399b-bf9d-3166c9dff46c', 'est', 'Turner Ltd', 'Aliquid qui et reprehenderit ullam qui consequuntur. Iusto libero ut dolore sed cum sapiente quisqua', 'https://cdn.shopify.com/s/files/1/0020/5111/2996/products/products_2FI01-PIA3761-SLW_2FI01-PIA3761-SLW_1592894436960_316x316_crop_center.jpg?v=1592894448', 4670715, 18563025, 740576, 7, 1, 'porro', '81e5f2e3-45d9-3dcd-8693-2d8b95d9331f', '1978-06-07 23:31:12', '2004-02-01 06:10:57');
INSERT INTO `product` (`productId`, `display`, `provider`, `description`, `imageUrl`, `priceIn`, `priceOut`, `priceSale`, `shipday`, `instock`, `status`, `categoryId`, `created_at`, `updated_at`) VALUES ('ff37d688-aa91-341f-bb3b-38d7f147b801', 'qui', 'Hickle, Cole and Schamberger', 'Quia est quis quisquam enim vel asperiores est. Ad est rem quibusdam. Nisi fugit corporis autem accu', 'https://cdn.shopify.com/s/files/1/0020/5111/2996/products/products_2FI01-PIA3761-SLW_2FI01-PIA3761-SLW_1592894436960_316x316_crop_center.jpg?v=1592894448', 5501638, 6128936, 125325, 4, 2, 'consequatur', '902d08e7-04da-3be1-a2b0-51fe82ad88db', '2003-06-25 09:07:03', '2002-05-27 21:43:58');



#
# TABLE STRUCTURE FOR: order
#

DROP TABLE IF EXISTS `order`;

CREATE TABLE `order` (
  `orderId` varchar(100) CHARACTER SET utf8 NOT NULL,
  `username` varchar(100) CHARACTER SET utf8 DEFAULT NULL,
  `productId` varchar(100) CHARACTER SET utf8 DEFAULT NULL,
  `price` int(11) DEFAULT NULL,
  `amount` int(11) DEFAULT NULL,
  `note` varchar(100) CHARACTER SET utf8 DEFAULT NULL,
  `status` varchar(100) CHARACTER SET utf8 DEFAULT NULL,
    `isDelete` int default 0,
  `created_at` timestamp NOT NULL DEFAULT current_timestamp(),
  `updated_at` timestamp NOT NULL DEFAULT current_timestamp() ON UPDATE current_timestamp(),
  PRIMARY KEY (`orderId`),
  KEY `productId` (`productId`),
  KEY `username` (`username`),
  CONSTRAINT `order_ibfk_1` FOREIGN KEY (`productId`) REFERENCES `product` (`productId`),
  CONSTRAINT `order_ibfk_2` FOREIGN KEY (`username`) REFERENCES `account` (`username`)
) ENGINE=InnoDB DEFAULT CHARSET=utf8 COLLATE=utf8_unicode_ci;

INSERT INTO `order` (`orderId`, `username`, `productId`, `price`, `amount`, `note`, `status`, `created_at`, `updated_at`) VALUES ('05266b98-4f5e-323e-b6ec-9c7bef2f798c', 'gheaney', 'a89badc0-32d6-3365-bee7-b2e7cdd9b1fe', 16658019, 8, 'Tenetur hic dolorem itaque autem sed odit. Minima ducimus voluptatem est unde non. Dicta et autem et', 'Qui molestiae voluptas voluptates earum ut excepturi eum asperiores. Repellendus at voluptas nulla. ', '1973-02-17 13:08:59', '2018-06-12 05:13:27');
INSERT INTO `order` (`orderId`, `username`, `productId`, `price`, `amount`, `note`, `status`, `created_at`, `updated_at`) VALUES ('053c7f6c-3c52-347f-b188-dbbb6af1982d', 'allen.kshlerin', 'e5f0da25-f5c5-3d17-95f2-616acd3c9df7', 7052248, 3, 'In voluptas quidem esse sapiente sit sint velit. Enim dignissimos non aut vitae.', 'Sed quam qui libero voluptatem. Veniam quo atque iusto voluptatum ad cum dolorem quaerat. Enim eos e', '1983-12-30 11:45:59', '1982-09-01 06:34:12');
INSERT INTO `order` (`orderId`, `username`, `productId`, `price`, `amount`, `note`, `status`, `created_at`, `updated_at`) VALUES ('0579b2db-78c7-351a-8b7e-4fc0e0f742d2', 'jamey.wintheiser', '42df401e-6293-3d53-b2ba-2c4c59f0212e', 35063636, 2, 'Voluptatem quia quaerat eos nobis explicabo aut. Consequatur corrupti alias eaque rerum. Dolorum bea', 'Et dolores beatae tenetur ut assumenda. Optio nostrum quasi voluptate aut.', '2017-06-07 19:15:48', '2012-02-23 16:30:51');
INSERT INTO `order` (`orderId`, `username`, `productId`, `price`, `amount`, `note`, `status`, `created_at`, `updated_at`) VALUES ('0615477a-2324-386c-9c53-0a35602a8ed3', 'jovany83', '30ae579b-5edd-3a8e-8cca-dce864b7ec9b', 33577549, 8, 'Eos qui quia ad omnis rerum. Ut nam qui porro necessitatibus unde. Est eveniet facere autem earum co', 'Nisi similique iusto impedit asperiores expedita sint. Itaque non deserunt deserunt. Velit nesciunt ', '1982-01-23 14:44:41', '2019-07-11 05:13:18');
INSERT INTO `order` (`orderId`, `username`, `productId`, `price`, `amount`, `note`, `status`, `created_at`, `updated_at`) VALUES ('080261e2-87ba-3437-b89f-bbd066e362d9', 'esteban.oberbrunner', 'e06590f7-491f-365d-8409-b78bf88254b6', 11987450, 6, 'Sed necessitatibus et maiores quidem. Et error fuga sunt. Quos voluptates id autem. Laudantium quaer', 'Non et laboriosam fugit. Vel quasi quisquam ut voluptas. Ullam quidem ut sapiente dolorem dolorem. N', '1999-04-03 17:23:52', '1996-03-08 16:20:30');
INSERT INTO `order` (`orderId`, `username`, `productId`, `price`, `amount`, `note`, `status`, `created_at`, `updated_at`) VALUES ('0803dcea-2f4d-3b90-b536-5fb0f2eb90ca', 'celia.romaguera', 'e7b775a4-c35d-3906-bd3f-22fc1e09838b', 48046453, 6, 'Sunt praesentium consequatur soluta molestiae cum. Dolores alias iure nobis natus. Occaecati non et ', 'Deleniti id provident non a placeat. Qui a architecto recusandae porro et magnam. Ad unde laboriosam', '1989-07-01 00:16:36', '2012-02-16 02:56:18');
INSERT INTO `order` (`orderId`, `username`, `productId`, `price`, `amount`, `note`, `status`, `created_at`, `updated_at`) VALUES ('09126bd9-a534-3cf8-b98d-6ec1b4ce748c', 'jwisoky', '35593f73-d034-3b37-90fe-a90690d4848e', 43785322, 6, 'Autem nihil quos dolorem at commodi reiciendis esse. Neque consequatur ut id. Aperiam molestias expl', 'Voluptatem suscipit aperiam dolorem aut occaecati temporibus voluptatem. Iste dicta excepturi ration', '2009-01-16 09:58:29', '2018-12-07 21:05:12');
INSERT INTO `order` (`orderId`, `username`, `productId`, `price`, `amount`, `note`, `status`, `created_at`, `updated_at`) VALUES ('0c094b9b-e493-36ed-89fc-2fd291e98c3c', 'lowe.makenzie', 'fcc5b3f1-046e-399b-bf9d-3166c9dff46c', 38346168, 5, 'Fugit officia voluptas est vel. Sapiente non exercitationem repudiandae aut ipsam consequatur. Sunt ', 'Fugit officiis vel quis harum possimus omnis. Voluptatem facilis amet dolorum atque id. Ipsam sint i', '2006-12-18 19:38:26', '1977-03-15 10:41:55');
INSERT INTO `order` (`orderId`, `username`, `productId`, `price`, `amount`, `note`, `status`, `created_at`, `updated_at`) VALUES ('0c1f759c-259a-3ba0-8f03-5e334778f043', 'esteban.oberbrunner', 'e9809cf1-c9cc-3a71-b5e5-5cb309ce8abb', 27388996, 3, 'Hic illo illum eius id quidem. Ut voluptatem quaerat vel aliquam quisquam illo. Est consequatur vel ', 'Sapiente ab aliquid ut numquam. Officia totam voluptatem rerum sit ut at voluptatem. Natus quasi qua', '1990-09-16 04:56:49', '1991-05-12 23:19:44');
INSERT INTO `order` (`orderId`, `username`, `productId`, `price`, `amount`, `note`, `status`, `created_at`, `updated_at`) VALUES ('0c725a71-c61c-339e-a828-409577d61f47', 'bosco.timmothy', '1e1b9967-5b84-3a6c-aead-a6f49d188a30', 48541859, 8, 'Accusamus quia non odio nihil quam quas. Quae ea eligendi dolorum ipsam est. Sed provident dolorem d', 'Esse esse corrupti dolores et. Qui est vero aliquid itaque laboriosam pariatur sed. Minus est et et ', '1995-02-04 18:41:52', '1996-12-27 22:38:03');
INSERT INTO `order` (`orderId`, `username`, `productId`, `price`, `amount`, `note`, `status`, `created_at`, `updated_at`) VALUES ('0d9769b7-f8b1-347a-9513-bda096973331', 'jwisoky', 'f6426cbf-14d0-3367-86c0-98d335e40187', 15328923, 8, 'Atque iusto autem praesentium voluptatem mollitia. Eligendi nemo expedita id. Et eum non aliquid opt', 'Facere pariatur labore impedit consectetur. Voluptas ex autem eos nobis beatae voluptate necessitati', '1983-02-09 13:44:27', '2013-09-25 13:23:09');
INSERT INTO `order` (`orderId`, `username`, `productId`, `price`, `amount`, `note`, `status`, `created_at`, `updated_at`) VALUES ('0ec9684e-f275-3f72-ae42-57aa0259407c', 'celia.romaguera', 'a37689d4-8e05-3e76-91b8-5106fddb807a', 1954205, 8, 'Deleniti enim totam porro et omnis quaerat dolor. Reprehenderit sed possimus aliquam corrupti. Maxim', 'Officiis dolor aliquam quia ab qui necessitatibus sit. Necessitatibus enim quia veniam excepturi eum', '1976-06-08 07:30:33', '1991-11-10 18:34:15');
INSERT INTO `order` (`orderId`, `username`, `productId`, `price`, `amount`, `note`, `status`, `created_at`, `updated_at`) VALUES ('12bf350e-c19a-3d5b-a47f-7b92f47b0fc4', 'jamey.wintheiser', '8af28f1c-4c0b-3cae-8121-3db0a9adc18d', 38503397, 4, 'Maiores voluptates sint ut quae tempora. Vero optio ipsum vel excepturi quam aliquam. Amet similique', 'Occaecati distinctio est dolor aut quia quo. Dicta error natus aut qui consequatur aut minima. Sed n', '1977-09-27 22:49:11', '2017-09-30 03:29:46');
INSERT INTO `order` (`orderId`, `username`, `productId`, `price`, `amount`, `note`, `status`, `created_at`, `updated_at`) VALUES ('133e9dd1-4a62-351c-b8a1-5e28cdae9cc0', 'allen.kshlerin', '6048273b-b910-3766-8485-64dcd7c1f51f', 41699310, 6, 'Laborum voluptatum quidem numquam provident aut et molestias vitae. Id voluptas fugiat aliquid sapie', 'Quasi aut consequatur delectus eligendi assumenda quas alias. Sed id eius itaque at iusto. Nobis rer', '1985-07-20 14:18:20', '1976-02-27 06:41:54');
INSERT INTO `order` (`orderId`, `username`, `productId`, `price`, `amount`, `note`, `status`, `created_at`, `updated_at`) VALUES ('149d7cad-7d0b-3623-91ae-1cbe17ca332c', 'rosetta.harber', 'e47da152-721b-3b62-b5db-23f6160556fa', 10846615, 4, 'Est adipisci at praesentium eveniet quia ut aut. Qui aliquid omnis ea repudiandae sed.', 'Eius laudantium est explicabo voluptatem quibusdam exercitationem nobis voluptas. Molestiae harum qu', '1990-02-06 08:10:16', '1976-06-14 22:13:03');
INSERT INTO `order` (`orderId`, `username`, `productId`, `price`, `amount`, `note`, `status`, `created_at`, `updated_at`) VALUES ('17360f44-7de3-332a-8056-ad8bb0d117ec', 'jovany83', 'e34090df-e82e-3252-9c9e-d7c8a914bcec', 1984948, 4, 'Ipsum officia iure ut qui officiis qui eius earum. Quia qui omnis consequatur mollitia quo blanditii', 'Rem voluptatibus et et minima ratione ut. Ut qui occaecati et. Laborum ex vel ullam sed. Et dignissi', '1985-10-09 22:19:10', '2017-04-09 07:05:35');
INSERT INTO `order` (`orderId`, `username`, `productId`, `price`, `amount`, `note`, `status`, `created_at`, `updated_at`) VALUES ('1736d716-ca40-3bbc-877d-0f7fe0c615d3', 'jamey.wintheiser', '4c16e46a-5c41-34ad-871c-1ddd8c516770', 5048859, 1, 'Magnam ex quos sit doloribus qui vitae odit. Ipsam ipsum aliquam totam praesentium vero vitae. Sint ', 'Quia iste et perspiciatis fuga. Cum sunt hic sed ex est autem. In similique beatae sit qui impedit t', '1998-05-13 06:06:11', '1983-05-26 22:20:48');
INSERT INTO `order` (`orderId`, `username`, `productId`, `price`, `amount`, `note`, `status`, `created_at`, `updated_at`) VALUES ('188625df-b8d8-31bd-b3ba-fed447f4ad3b', 'allen.kshlerin', '196f187f-4d06-38d9-b4a0-f459ec3b169b', 48323986, 2, 'Quia velit amet mollitia velit modi. Labore quis ut pariatur. Commodi pariatur nostrum est molestiae', 'In quia atque voluptatem. Similique et quia eum non delectus doloribus. Molestias veritatis quam exc', '1984-04-25 08:17:34', '2015-07-17 21:17:40');
INSERT INTO `order` (`orderId`, `username`, `productId`, `price`, `amount`, `note`, `status`, `created_at`, `updated_at`) VALUES ('1b889c89-fe48-3d7a-85ba-4bfdb53c66b3', 'rosetta.harber', 'ff37d688-aa91-341f-bb3b-38d7f147b801', 44495827, 7, 'Repudiandae pariatur officiis et omnis iste aut. Optio eligendi neque officia iusto fugit labore par', 'Nostrum voluptas deserunt aliquam. Dolorem et sed id nobis. Architecto quis est ut exercitationem po', '2002-05-16 14:36:20', '2000-10-26 00:43:08');
INSERT INTO `order` (`orderId`, `username`, `productId`, `price`, `amount`, `note`, `status`, `created_at`, `updated_at`) VALUES ('1db3dfc2-0005-34ca-8c13-de52035dad5c', 'celia.romaguera', '41ae0a29-fd97-3d60-95b6-f0c0a49b5007', 20136129, 2, 'Qui autem deleniti consequuntur. Modi excepturi rem est. Velit repellendus ipsum distinctio eos et.', 'Maxime odio eum eos. Debitis exercitationem blanditiis quibusdam quae et fugit deserunt. Modi earum ', '2009-07-15 21:42:26', '2013-07-02 18:42:29');
INSERT INTO `order` (`orderId`, `username`, `productId`, `price`, `amount`, `note`, `status`, `created_at`, `updated_at`) VALUES ('1e37d06a-c375-3a5d-ad67-565a1f475f1c', 'gheaney', '0cd349b5-50d2-30a1-9f4a-0393dd1a7433', 31154754, 7, 'Inventore iusto magnam ea nihil dolor saepe quos. Odit placeat doloribus autem ut. Facilis aspernatu', 'Ipsum sunt optio laudantium blanditiis. Aut voluptatem cupiditate et. Voluptate vel voluptatem porro', '1976-03-13 03:20:51', '1988-07-16 01:13:53');
INSERT INTO `order` (`orderId`, `username`, `productId`, `price`, `amount`, `note`, `status`, `created_at`, `updated_at`) VALUES ('1e90ca61-6cce-3966-99ec-351a41538c38', 'jovany83', 'f4a65fc1-4dab-3432-87e5-8f36fdcb8394', 35347583, 2, 'Neque laboriosam rerum ratione iusto quaerat. Praesentium minima in mollitia itaque ut adipisci. Ab ', 'Qui eveniet aperiam veniam sit occaecati rerum optio. Modi omnis beatae iusto deserunt voluptas eum.', '1971-01-19 22:29:29', '1973-01-07 13:41:38');
INSERT INTO `order` (`orderId`, `username`, `productId`, `price`, `amount`, `note`, `status`, `created_at`, `updated_at`) VALUES ('1ec941bd-2bbf-3232-9db5-227a40ae01ca', 'bosco.timmothy', 'b595c9e1-6842-31dc-96d9-b393bf5935b2', 21881723, 9, 'Quo et similique neque iste placeat totam quia. Tenetur et molestias fugiat ab quae. Numquam fugiat ', 'Harum voluptates cumque qui quidem sint ullam. Ducimus voluptatem quis qui id non tenetur libero. No', '2005-08-31 10:33:49', '1980-03-07 00:40:57');
INSERT INTO `order` (`orderId`, `username`, `productId`, `price`, `amount`, `note`, `status`, `created_at`, `updated_at`) VALUES ('1f110aa9-1385-3ba9-bbac-130b2ebe5d9e', 'lowe.makenzie', 'b1aff6b8-8ac7-3406-80fd-e216d165614e', 8381581, 2, 'Dolorum aliquid natus aut. Ea error sit blanditiis et explicabo. Quaerat eos est esse omnis. Porro a', 'Tempore est nihil beatae nisi sint dolore. Recusandae id quo libero odit. Neque sequi officia offici', '1970-03-12 02:33:52', '2010-02-28 22:24:32');
INSERT INTO `order` (`orderId`, `username`, `productId`, `price`, `amount`, `note`, `status`, `created_at`, `updated_at`) VALUES ('1fe8117f-a228-3aab-bcd4-21671531b8d1', 'lowe.makenzie', 'e42e5b7d-b6d1-3b2e-b462-a28bcd26d9f5', 33602662, 6, 'Sint cumque quia ut sit voluptate impedit molestias. Sapiente voluptatem ex omnis vel quia quam.', 'Omnis molestias alias enim nostrum optio id excepturi. Doloribus excepturi voluptas accusamus ut iur', '2017-08-30 23:13:37', '2009-06-14 06:53:42');
INSERT INTO `order` (`orderId`, `username`, `productId`, `price`, `amount`, `note`, `status`, `created_at`, `updated_at`) VALUES ('21525f53-566a-3567-a83b-b62bf914ba5f', 'jamey.wintheiser', '4c16e46a-5c41-34ad-871c-1ddd8c516770', 15394144, 2, 'Porro velit provident labore ea dolores rerum aut. Officiis corrupti eligendi quisquam libero molest', 'Quia expedita commodi qui quia est quia consequatur ut. Est aut deleniti molestias et placeat. Place', '1981-07-06 15:59:33', '2019-09-20 20:18:06');
INSERT INTO `order` (`orderId`, `username`, `productId`, `price`, `amount`, `note`, `status`, `created_at`, `updated_at`) VALUES ('21baa5d5-fe74-3f61-bbcc-7fb7d9abee74', 'lowe.makenzie', 'cde46567-7889-31ba-b680-388563ea1208', 43786030, 7, 'Sapiente repellendus sit quo accusantium suscipit. Aut ex adipisci et eligendi. Magni voluptatum mol', 'Totam porro omnis quis non dolorum commodi. Esse animi aut rerum aut consequatur id consequuntur. Qu', '1988-04-12 09:59:39', '2008-12-28 06:19:20');
INSERT INTO `order` (`orderId`, `username`, `productId`, `price`, `amount`, `note`, `status`, `created_at`, `updated_at`) VALUES ('230dcd74-e743-3eab-af77-27ab75a1590b', 'lowe.makenzie', 'e42e5b7d-b6d1-3b2e-b462-a28bcd26d9f5', 33035480, 1, 'Doloremque quibusdam doloribus autem dolore. Nisi expedita animi non omnis qui dolores ut voluptates', 'Velit porro repudiandae omnis. Eveniet atque qui rerum recusandae omnis. Ipsa recusandae dolores in ', '1978-10-15 07:51:13', '2003-06-16 14:05:41');
INSERT INTO `order` (`orderId`, `username`, `productId`, `price`, `amount`, `note`, `status`, `created_at`, `updated_at`) VALUES ('230fb04b-e91f-3342-b388-7dbd96be08e4', 'esteban.oberbrunner', '4a30f4de-2cfb-33ee-81fc-d03d7ece1983', 19253475, 4, 'Beatae aut ipsa placeat est. Quisquam incidunt maiores temporibus asperiores. Eos eos molestiae recu', 'Mollitia quis voluptas minus qui quisquam sapiente. Omnis minima et illum odio iure qui. Nesciunt qu', '2016-10-17 13:28:59', '1990-09-29 07:52:22');
INSERT INTO `order` (`orderId`, `username`, `productId`, `price`, `amount`, `note`, `status`, `created_at`, `updated_at`) VALUES ('25236abe-b9d4-3166-ad5d-9cea213aa7d7', 'jamey.wintheiser', '29a3a96b-025d-3a21-8029-f75c83cfe8e5', 32399360, 5, 'Dolorem delectus nemo ut veniam. Molestias aperiam ab earum et ut facere nesciunt. Itaque voluptas m', 'Qui nostrum omnis quod necessitatibus et labore dolore. Eos dolore laboriosam sed atque quos est. Et', '1993-03-06 00:36:38', '1993-01-07 10:46:21');
INSERT INTO `order` (`orderId`, `username`, `productId`, `price`, `amount`, `note`, `status`, `created_at`, `updated_at`) VALUES ('2689dae2-3d13-3748-a7fd-d0b88bda89d8', 'bosco.timmothy', 'e60b44e4-f2d2-35d8-8d93-40d039158187', 13836461, 9, 'Sapiente molestias dolor voluptatibus veritatis. Aut dolorem amet non qui. Excepturi et aliquid veli', 'Fuga occaecati impedit quia. Nostrum necessitatibus excepturi assumenda eligendi odit. Ex est maxime', '1983-01-29 03:51:25', '2002-06-01 00:07:25');
INSERT INTO `order` (`orderId`, `username`, `productId`, `price`, `amount`, `note`, `status`, `created_at`, `updated_at`) VALUES ('26d9ef6c-d591-39fa-952e-f704b9a0b64a', 'lowe.makenzie', '4592025c-11f6-34bd-aece-21c8f0c2aa31', 38847220, 8, 'Aperiam amet placeat rerum recusandae quas aut. Molestiae iusto voluptatem et suscipit eligendi illu', 'Minima ea numquam perspiciatis ut rerum tempora veritatis. Sint atque dolore velit quia omnis est pe', '1978-01-02 17:17:52', '1974-08-01 22:58:15');
INSERT INTO `order` (`orderId`, `username`, `productId`, `price`, `amount`, `note`, `status`, `created_at`, `updated_at`) VALUES ('27393773-52f1-3561-a906-7e0524f150d2', 'bosco.timmothy', 'ddeac884-0c66-331c-858a-c37aa3598548', 41989712, 8, 'Reprehenderit eius quia illum soluta facilis. Quo aut qui sequi sequi et voluptatem. Asperiores et v', 'Laborum enim voluptas eum vel qui qui. Aut officiis explicabo debitis vero modi ipsa.', '1981-08-08 04:13:38', '1993-05-06 17:10:54');
INSERT INTO `order` (`orderId`, `username`, `productId`, `price`, `amount`, `note`, `status`, `created_at`, `updated_at`) VALUES ('280ce7e4-ad23-3dff-9861-5b741d5e80a4', 'rosetta.harber', '12489bef-08dc-3c80-a960-08808965ea6a', 3955894, 5, 'Similique minima exercitationem odit id et consectetur. Voluptas aut pariatur aut animi.', 'Voluptatem expedita laudantium labore blanditiis cumque enim quae modi. Sunt maxime dolor hic accusa', '2013-05-26 04:07:46', '1972-07-01 19:10:56');
INSERT INTO `order` (`orderId`, `username`, `productId`, `price`, `amount`, `note`, `status`, `created_at`, `updated_at`) VALUES ('2926e7e3-532c-3f8a-b52c-11a0f459cf86', 'rosetta.harber', '5e8cea84-389c-38af-b226-b15ffa6ec154', 44842907, 9, 'Quisquam consequatur pariatur ea officiis vitae reiciendis quo cupiditate. Aliquam numquam et culpa.', 'Debitis aut sequi nostrum maiores. Ea rerum molestiae est aliquam soluta doloremque quam. Reiciendis', '1972-03-31 04:53:26', '1999-07-26 11:19:24');
INSERT INTO `order` (`orderId`, `username`, `productId`, `price`, `amount`, `note`, `status`, `created_at`, `updated_at`) VALUES ('2a9f98e8-9990-3caf-bb4f-912aff379594', 'allen.kshlerin', '08d19763-6d6d-3435-8c00-b56efb178303', 19102482, 6, 'Sequi quia debitis sunt similique. Dolores nam molestias ut rerum at qui voluptatem.', 'Ratione facilis ab quia dolores dolor id architecto eligendi. Explicabo voluptas ex officia distinct', '1985-07-18 16:40:38', '1972-12-27 01:50:10');
INSERT INTO `order` (`orderId`, `username`, `productId`, `price`, `amount`, `note`, `status`, `created_at`, `updated_at`) VALUES ('2bb7f9e0-4747-3f76-985b-5ae55139619c', 'esteban.oberbrunner', '88e786fc-2920-3c29-a7e3-118e051b2acd', 31414080, 2, 'Harum occaecati consequuntur voluptatum nihil. Tempora maiores doloremque commodi nobis. Voluptatem ', 'Facilis sed vero officiis nesciunt iure. Minima ab pariatur sed esse ullam illum qui. Necessitatibus', '1999-02-14 19:18:16', '2008-12-23 13:26:49');
INSERT INTO `order` (`orderId`, `username`, `productId`, `price`, `amount`, `note`, `status`, `created_at`, `updated_at`) VALUES ('33248fc8-81fa-382c-ad17-b1f5c54237bb', 'esteban.oberbrunner', '1faa9ee4-50a3-3ff4-8e91-baad2cee2466', 43341400, 6, 'Ut et minus labore nulla quos ut. Quaerat eveniet reprehenderit illo saepe a vel unde. Vel aperiam n', 'Nihil et et occaecati eos. In quasi voluptatem corporis fuga aspernatur totam. Quam quam odit a iste', '1976-01-29 16:51:45', '1971-02-13 17:01:16');
INSERT INTO `order` (`orderId`, `username`, `productId`, `price`, `amount`, `note`, `status`, `created_at`, `updated_at`) VALUES ('33b4b18e-41c4-388f-8f1e-94d753b79ac9', 'esteban.oberbrunner', '4a30f4de-2cfb-33ee-81fc-d03d7ece1983', 9019904, 1, 'Voluptates omnis molestiae eaque eius voluptatem itaque. Dolorem quo rerum inventore velit at. Volup', 'Quam et provident debitis quis. Eum rerum voluptatem et distinctio ipsam. Vel iste dolores iusto nes', '1997-09-14 16:13:53', '2017-12-16 13:13:45');
INSERT INTO `order` (`orderId`, `username`, `productId`, `price`, `amount`, `note`, `status`, `created_at`, `updated_at`) VALUES ('34829fe7-ddc7-3874-a88f-0043029cd2ab', 'jovany83', 'f4a65fc1-4dab-3432-87e5-8f36fdcb8394', 13491180, 9, 'Minima fugiat quis harum nisi autem qui reprehenderit. Rerum unde dolor reiciendis esse et deleniti.', 'Possimus ipsam itaque sint. Reprehenderit optio occaecati officiis rerum consequatur. Est minus quis', '2006-10-16 10:43:05', '2001-04-26 04:49:03');
INSERT INTO `order` (`orderId`, `username`, `productId`, `price`, `amount`, `note`, `status`, `created_at`, `updated_at`) VALUES ('34eee7bc-3b1c-30ab-971f-18f412b18f5a', 'gheaney', '23026952-221d-39c7-8d5b-7de2ec84aea8', 24288045, 1, 'Nesciunt quo rerum veritatis dolores quas aperiam. Molestias quia voluptates quis rerum voluptatibus', 'Quia nesciunt corporis suscipit et dolores. Officiis eos minima corporis eligendi autem deserunt. El', '1997-08-31 10:54:17', '1987-06-03 19:17:37');
INSERT INTO `order` (`orderId`, `username`, `productId`, `price`, `amount`, `note`, `status`, `created_at`, `updated_at`) VALUES ('3683f923-d7ac-391a-a242-05f5e5537ce8', 'celia.romaguera', 'b8cea465-0ccb-31a9-bd96-85cd8702cb31', 27150883, 7, 'Quam officia qui cupiditate soluta qui. Excepturi possimus qui labore ea voluptatem est. Officiis is', 'Qui ea libero sed consequatur. Asperiores tempore debitis eum sed qui velit recusandae.', '2010-09-08 04:09:43', '2015-03-13 22:38:01');
INSERT INTO `order` (`orderId`, `username`, `productId`, `price`, `amount`, `note`, `status`, `created_at`, `updated_at`) VALUES ('378cafcf-8a4c-3097-a306-05884d04698d', 'celia.romaguera', '0a981cd5-221b-3c41-a57d-b4c17c9cca04', 27963543, 1, 'Nobis est placeat tenetur numquam nobis et tenetur dolorum. Et repellendus quas aut et explicabo.', 'Ipsa sint voluptas voluptatem est. Ducimus tempore ut et aut. Quaerat odit ducimus eum nesciunt.', '2008-09-01 12:23:10', '2019-02-08 11:27:39');
INSERT INTO `order` (`orderId`, `username`, `productId`, `price`, `amount`, `note`, `status`, `created_at`, `updated_at`) VALUES ('3915587e-c82c-3c3b-9099-017da73126e4', 'jamey.wintheiser', '0de31249-0abc-3ba1-a287-827eba5770fc', 46642173, 6, 'Dolor dolorem aut dolorem commodi aut. Quo sed maxime sint. Qui dolores reprehenderit consequuntur q', 'Et ducimus omnis dignissimos consequatur ullam voluptate expedita. Qui unde doloribus est. Earum a v', '2018-08-04 02:23:42', '2000-11-03 11:23:55');
INSERT INTO `order` (`orderId`, `username`, `productId`, `price`, `amount`, `note`, `status`, `created_at`, `updated_at`) VALUES ('39f45cbb-b98c-3dd5-a537-fd607953358b', 'esteban.oberbrunner', 'a5c66bbe-ab10-3663-9e50-ad63caf22bd6', 43054753, 1, 'Sint harum ut at aut. Esse quibusdam odio cumque a rerum.', 'Eos unde occaecati qui ut illo. Libero quas reiciendis maxime quidem aperiam molestias. Nemo dolorem', '1972-02-24 11:21:24', '1980-04-01 12:04:57');
INSERT INTO `order` (`orderId`, `username`, `productId`, `price`, `amount`, `note`, `status`, `created_at`, `updated_at`) VALUES ('3b04ded5-b6b1-3dcf-95db-899cd0015797', 'gheaney', '42cc78f6-d812-3bd8-83c8-1290e6c48c86', 49618297, 4, 'Et totam placeat vitae sed velit temporibus. Voluptatibus tempora dolores reiciendis et maiores temp', 'Explicabo est totam minima accusamus et incidunt officiis. Neque eum consequatur rerum natus et rati', '1998-12-01 03:32:08', '2019-07-03 02:44:55');
INSERT INTO `order` (`orderId`, `username`, `productId`, `price`, `amount`, `note`, `status`, `created_at`, `updated_at`) VALUES ('3b6490cb-8f97-303a-9f59-4484047dcbb7', 'rosetta.harber', '39b183d5-bd70-3cf7-b302-8c2f24bde58c', 26256656, 6, 'Perferendis consequatur perferendis omnis ullam autem. Sunt vitae quis quibusdam eum dolor porro tem', 'Nostrum laudantium ut cum quia. Eos excepturi nihil adipisci in fugiat voluptatem. Exercitationem et', '1972-01-11 01:47:06', '2012-08-20 01:36:18');
INSERT INTO `order` (`orderId`, `username`, `productId`, `price`, `amount`, `note`, `status`, `created_at`, `updated_at`) VALUES ('3bcc4878-1b99-389a-a254-4e8f24c561ba', 'jovany83', '43b77612-692f-32e1-8aaa-71eb94b2d815', 14885136, 9, 'Magnam nulla consequuntur dolor ipsum. Harum voluptas et delectus sint assumenda fugit sed. Tempora ', 'Esse ut neque blanditiis est laborum officia. Quaerat veniam explicabo eos consequatur consequuntur ', '1971-12-03 20:19:01', '1973-07-14 23:47:52');
INSERT INTO `order` (`orderId`, `username`, `productId`, `price`, `amount`, `note`, `status`, `created_at`, `updated_at`) VALUES ('3e080981-dbbc-3cdf-80fe-53147cfc52ab', 'rosetta.harber', '12489bef-08dc-3c80-a960-08808965ea6a', 12961581, 8, 'Voluptas et excepturi dolorem atque sint et eligendi dolorem. In eos quia in accusantium. Sed atque ', 'Cumque similique quas quia consectetur quibusdam. Vero ullam molestiae unde repudiandae eius ut. Dis', '1988-05-29 03:07:13', '1999-10-20 12:32:07');
INSERT INTO `order` (`orderId`, `username`, `productId`, `price`, `amount`, `note`, `status`, `created_at`, `updated_at`) VALUES ('3e0f3822-6672-387d-b8a9-4a074ffa4083', 'rosetta.harber', 'b2840795-3da0-3d9e-b2c2-e3c3134783b6', 35743998, 6, 'Voluptas sapiente beatae est rerum exercitationem tempore nesciunt. Alias dolorum aut ut consequatur', 'Minima sed excepturi et voluptas natus sunt. Deleniti eligendi ut inventore illum aut aut cumque rat', '2009-06-08 08:31:55', '2014-04-23 11:18:53');
INSERT INTO `order` (`orderId`, `username`, `productId`, `price`, `amount`, `note`, `status`, `created_at`, `updated_at`) VALUES ('4050bda9-9430-39aa-b21c-99df9a9e1e12', 'jamey.wintheiser', '29a3a96b-025d-3a21-8029-f75c83cfe8e5', 25691123, 7, 'Eos quis nulla eveniet possimus tenetur quos. Est dicta delectus repellendus voluptatum et. Reiciend', 'Voluptates eum hic dolores aut modi vitae. Quas aut qui aut beatae.', '1991-01-23 14:59:20', '2008-03-19 06:21:01');
INSERT INTO `order` (`orderId`, `username`, `productId`, `price`, `amount`, `note`, `status`, `created_at`, `updated_at`) VALUES ('408e1761-76ae-33aa-87a4-e3e8e7e94965', 'lowe.makenzie', '5dc902c1-aefd-3118-bcf3-9548159b8a71', 26961118, 4, 'Sapiente ad placeat quaerat cupiditate quasi iusto. Et necessitatibus explicabo quia iste modi aut e', 'Iste qui autem nihil illum et. Officiis aliquid illo quia est sint sed rerum. Et rerum deleniti ea s', '1997-08-07 16:16:56', '1992-07-24 17:29:11');
INSERT INTO `order` (`orderId`, `username`, `productId`, `price`, `amount`, `note`, `status`, `created_at`, `updated_at`) VALUES ('40b4cdfe-a1fd-39ce-8c93-4c9ee781845b', 'jamey.wintheiser', 'f1d12008-f463-3986-a864-546dfb6c9b6b', 25968839, 4, 'Maxime at nisi molestiae quo. Debitis eligendi autem nemo. Hic doloremque in est sapiente. Voluptati', 'Sed quam qui consequatur perferendis. In atque dolor iure sunt. Recusandae et blanditiis soluta dolo', '2004-04-15 21:10:25', '1975-02-12 01:14:53');
INSERT INTO `order` (`orderId`, `username`, `productId`, `price`, `amount`, `note`, `status`, `created_at`, `updated_at`) VALUES ('40f75aea-8b83-32f8-a4ca-8a21b93dac0b', 'jwisoky', '0f89dfac-4f8f-34a0-ac71-d7c0c5f8f70d', 42326722, 1, 'Nihil dolor eveniet voluptas magni nam molestias. Non velit vero qui aut quas.', 'Et quis reprehenderit temporibus ut. Quo et et odit. Molestias enim cumque est est tempore. Tenetur ', '2012-03-07 03:01:50', '2020-05-10 17:01:05');
INSERT INTO `order` (`orderId`, `username`, `productId`, `price`, `amount`, `note`, `status`, `created_at`, `updated_at`) VALUES ('4236613e-e0aa-36ee-9df6-96e153f68c85', 'rosetta.harber', '949900a5-e13c-3468-a283-65ab8a361665', 249344, 1, 'Iste quibusdam deserunt sint aperiam perspiciatis eius eaque. Asperiores quidem consequuntur cupidit', 'At molestiae amet excepturi. Ut incidunt alias qui ullam nulla in sit. Enim veritatis quia autem eiu', '2016-08-16 13:41:15', '1980-03-21 19:42:38');
INSERT INTO `order` (`orderId`, `username`, `productId`, `price`, `amount`, `note`, `status`, `created_at`, `updated_at`) VALUES ('428689b3-5678-3e30-bc6b-cfbfba499391', 'jwisoky', '5c4ca4be-7146-3412-bdc6-4745fe2c7efc', 13206054, 5, 'Rem dolor recusandae nesciunt maxime quis nostrum hic culpa. Placeat et accusamus cumque omnis. Non ', 'Earum dolores illum quidem et officia doloribus assumenda. Laboriosam rem molestiae amet odit vel au', '1970-06-01 00:08:04', '2013-12-27 14:48:14');
INSERT INTO `order` (`orderId`, `username`, `productId`, `price`, `amount`, `note`, `status`, `created_at`, `updated_at`) VALUES ('43969494-5ae6-39c2-abff-9b11c4cd3e90', 'jwisoky', '5c4ca4be-7146-3412-bdc6-4745fe2c7efc', 29200678, 1, 'Tenetur adipisci tempore quod minima veritatis quia eligendi. Et aut at laudantium libero quia elige', 'Et quia reprehenderit et dolor. Quidem id quisquam inventore non distinctio. Velit aperiam quia recu', '1976-06-14 21:12:01', '1984-09-15 00:26:07');
INSERT INTO `order` (`orderId`, `username`, `productId`, `price`, `amount`, `note`, `status`, `created_at`, `updated_at`) VALUES ('4447e63a-fd5c-3e77-b932-160e94d8816b', 'gheaney', 'e1e069ba-8a85-3bf2-a5e4-2686ac144fe6', 11776803, 4, 'Quia at quia iure repudiandae veritatis temporibus at. Delectus occaecati est explicabo voluptas rep', 'Illo corporis veniam eius. Nostrum repudiandae consequatur recusandae autem. Ducimus reiciendis recu', '1990-10-21 14:00:48', '2001-06-18 13:55:36');
INSERT INTO `order` (`orderId`, `username`, `productId`, `price`, `amount`, `note`, `status`, `created_at`, `updated_at`) VALUES ('4604940c-47e8-32e1-ba25-9d2e6885635f', 'bosco.timmothy', '093ed0ea-74a5-3c77-a20e-0cf31bafd0f6', 23061011, 5, 'Dolorem itaque odio ut enim et. Non qui enim et qui inventore fuga voluptate. Vitae illum reiciendis', 'Nisi enim sit sed iusto unde id dignissimos est. Dolore veritatis atque ut eum. Fuga itaque eum quae', '2019-03-10 03:40:37', '1996-12-05 04:59:48');
INSERT INTO `order` (`orderId`, `username`, `productId`, `price`, `amount`, `note`, `status`, `created_at`, `updated_at`) VALUES ('463709bb-e5a0-3fe6-80d2-b65609607ded', 'jovany83', '8c5e4e6d-7dca-3148-9f47-c79b07513c45', 31679079, 8, 'Voluptas quis rerum perferendis perferendis aliquam in. Nisi est quidem numquam. Occaecati illum pro', 'Autem aut quibusdam libero sed culpa ipsam. Totam accusamus quisquam occaecati aut. Eveniet libero f', '1974-03-31 16:21:47', '2011-11-22 03:02:28');
INSERT INTO `order` (`orderId`, `username`, `productId`, `price`, `amount`, `note`, `status`, `created_at`, `updated_at`) VALUES ('46fb59c9-7196-3f74-b011-f6466b2bf0c9', 'jamey.wintheiser', '42df401e-6293-3d53-b2ba-2c4c59f0212e', 44169751, 8, 'Sed perspiciatis laudantium officiis ut et sint quod. Molestiae et cum debitis dolorum perferendis. ', 'Excepturi ea odio similique deleniti saepe. Accusamus cumque quas architecto quasi enim. Aliquid odi', '1999-11-03 14:58:38', '2011-05-06 23:05:55');
INSERT INTO `order` (`orderId`, `username`, `productId`, `price`, `amount`, `note`, `status`, `created_at`, `updated_at`) VALUES ('48dac8e3-0dbd-3b39-8231-d54c0793b1c2', 'celia.romaguera', 'dfc02624-ab9f-36fe-ad27-b05e276b1382', 37397416, 3, 'Officia facere et odio est vero autem. Non necessitatibus accusantium quam culpa aliquam explicabo. ', 'Odio maxime laudantium nihil a quas dolor placeat. Asperiores soluta magnam culpa eius vero assumend', '1992-06-27 05:41:50', '1989-10-30 18:37:50');
INSERT INTO `order` (`orderId`, `username`, `productId`, `price`, `amount`, `note`, `status`, `created_at`, `updated_at`) VALUES ('48f623f8-0fd4-390b-a7ae-d9fdbcb7c0b4', 'bosco.timmothy', '63948d62-6d5c-3325-9e74-2f0c4bffe371', 31088122, 2, 'Culpa distinctio enim minus nesciunt aspernatur ex. Vitae fuga culpa minima ipsum quia. Est quia ten', 'Eligendi saepe id ullam ut placeat amet velit. Ut esse esse voluptatem officia impedit qui esse nemo', '2016-05-07 09:16:56', '1983-04-06 16:54:27');
INSERT INTO `order` (`orderId`, `username`, `productId`, `price`, `amount`, `note`, `status`, `created_at`, `updated_at`) VALUES ('4b1f7431-dd20-3ed8-b5e5-2bb67abd6329', 'lowe.makenzie', 'cde46567-7889-31ba-b680-388563ea1208', 14612756, 1, 'Culpa facilis occaecati et qui ea inventore impedit accusamus. Ut iure velit nihil et est. Voluptate', 'Accusamus voluptatem ipsam ut sunt aut et ea. Exercitationem dicta blanditiis natus non eos molestia', '1995-11-29 09:10:06', '2017-05-24 22:12:33');
INSERT INTO `order` (`orderId`, `username`, `productId`, `price`, `amount`, `note`, `status`, `created_at`, `updated_at`) VALUES ('4bee4f4a-a18f-3d8a-b488-faa18050138a', 'esteban.oberbrunner', 'bc780b53-ac93-3500-90c8-fc1bf3c1f937', 23671148, 6, 'Necessitatibus eum qui quae blanditiis neque expedita ducimus ad. Sunt totam blanditiis cumque enim ', 'Cumque consequatur voluptatum excepturi earum recusandae. Et aut odio reprehenderit et qui ut quaera', '1982-01-02 06:04:15', '1996-03-10 04:14:33');
INSERT INTO `order` (`orderId`, `username`, `productId`, `price`, `amount`, `note`, `status`, `created_at`, `updated_at`) VALUES ('5054d47e-78d7-34e2-9977-85d69d60e00e', 'allen.kshlerin', '978af8a4-c809-3dd3-91cb-0b78f4e5e8d0', 25328185, 3, 'Maxime ut similique aliquam debitis doloremque qui. Enim ipsam hic at quam qui nulla atque. Qui repr', 'Omnis quia ea illo accusamus ipsam error impedit. Laudantium eaque enim veritatis mollitia laudantiu', '1990-02-02 18:52:55', '2003-07-15 02:26:07');
INSERT INTO `order` (`orderId`, `username`, `productId`, `price`, `amount`, `note`, `status`, `created_at`, `updated_at`) VALUES ('5058c1ed-72a4-3a88-bb49-62bb22d9f609', 'jovany83', 'e34090df-e82e-3252-9c9e-d7c8a914bcec', 19899405, 1, 'Officiis sed nostrum vel itaque. Molestiae veritatis sunt nemo vel non mollitia aspernatur dolor. Qu', 'Quasi nihil provident et nobis fugiat. Exercitationem ea consequuntur culpa cumque. Qui unde unde qu', '1971-04-01 21:46:09', '1991-12-29 17:47:44');
INSERT INTO `order` (`orderId`, `username`, `productId`, `price`, `amount`, `note`, `status`, `created_at`, `updated_at`) VALUES ('507e59e4-c0aa-317b-abf1-e38e8e782b5f', 'bosco.timmothy', '81f947cf-3ddb-3282-9cc4-63e3a396ee88', 39152708, 5, 'Quia repellat perspiciatis distinctio pariatur fuga. Voluptatem quasi voluptatem est unde qui omnis ', 'Minus deleniti aut nulla eligendi dolores. Quos voluptate similique autem sed natus ex corporis. Aut', '2015-12-08 21:58:01', '1986-03-04 14:34:24');
INSERT INTO `order` (`orderId`, `username`, `productId`, `price`, `amount`, `note`, `status`, `created_at`, `updated_at`) VALUES ('51fb2b69-aaa0-362d-a162-f3192fc9b43e', 'jwisoky', '35593f73-d034-3b37-90fe-a90690d4848e', 3939303, 7, 'Accusantium esse voluptatem nesciunt ab et illo. Ex autem ut aperiam voluptatem quo. Eveniet vel eum', 'Illum vitae omnis et iusto est. Necessitatibus voluptas voluptatibus explicabo reprehenderit non rei', '1993-06-25 05:21:13', '2001-10-04 02:30:28');
INSERT INTO `order` (`orderId`, `username`, `productId`, `price`, `amount`, `note`, `status`, `created_at`, `updated_at`) VALUES ('528cc0cb-70a5-32f9-9775-843492c4ec3f', 'celia.romaguera', '85c64732-d06d-3a76-a54f-02e6bd1d55bd', 6578394, 4, 'Quas magnam facilis iste amet voluptatem aut in. Et id fugit est enim quisquam consequatur. Repudian', 'Dolore eos consectetur quasi sunt voluptatem non architecto. Magni aliquid mollitia fuga distinctio.', '2015-05-10 06:51:01', '2002-04-27 17:41:00');
INSERT INTO `order` (`orderId`, `username`, `productId`, `price`, `amount`, `note`, `status`, `created_at`, `updated_at`) VALUES ('52de69df-6372-3204-9f70-019d1858c026', 'jamey.wintheiser', 'f1d12008-f463-3986-a864-546dfb6c9b6b', 6421844, 6, 'Et autem excepturi et ut et dolore est. Ea voluptates laborum cupiditate dignissimos est quo et. Eni', 'Impedit eaque et sint eaque explicabo fugiat. Consequuntur rerum consequatur quia error tempora poss', '2000-03-16 17:09:37', '2013-09-17 23:16:48');
INSERT INTO `order` (`orderId`, `username`, `productId`, `price`, `amount`, `note`, `status`, `created_at`, `updated_at`) VALUES ('53c09b0e-5438-32d6-b4e5-321ca7596ec7', 'esteban.oberbrunner', '88e786fc-2920-3c29-a7e3-118e051b2acd', 40878091, 1, 'Beatae quo a qui voluptas excepturi sequi numquam. Aspernatur est et repellat non. Necessitatibus oc', 'Et magni dolor ratione fugiat quaerat omnis reprehenderit ut. Recusandae natus enim dolorum.', '2016-02-05 22:41:47', '2009-06-10 12:02:56');
INSERT INTO `order` (`orderId`, `username`, `productId`, `price`, `amount`, `note`, `status`, `created_at`, `updated_at`) VALUES ('54a8d745-1bfe-3ff0-88a1-c5092f01ee14', 'jovany83', '43b77612-692f-32e1-8aaa-71eb94b2d815', 35700042, 3, 'Qui reiciendis cupiditate est animi totam sit et. Eum fuga quibusdam vel consequatur placeat quia vo', 'Illo ut dolor ad inventore. Molestiae et quia laudantium qui et quia. Quod qui dicta nihil dicta ut ', '1987-02-21 08:51:04', '1989-08-07 17:13:30');
INSERT INTO `order` (`orderId`, `username`, `productId`, `price`, `amount`, `note`, `status`, `created_at`, `updated_at`) VALUES ('5908c1a8-94f9-3bed-b456-16394f5d8c05', 'lowe.makenzie', 'b1aff6b8-8ac7-3406-80fd-e216d165614e', 45409031, 7, 'Itaque enim tempore reprehenderit fuga. Consectetur est eum placeat distinctio animi est eos dolorum', 'Modi omnis voluptas rerum beatae non assumenda. Sed autem doloribus consequatur nihil qui quas moles', '1995-09-24 21:03:12', '1988-04-16 10:11:26');
INSERT INTO `order` (`orderId`, `username`, `productId`, `price`, `amount`, `note`, `status`, `created_at`, `updated_at`) VALUES ('59aec710-7131-3e6b-9be5-cfbde24cf002', 'jamey.wintheiser', 'e201d43d-b26e-370d-ad33-52a8438aea8a', 11088266, 3, 'Iusto qui doloribus a id. Vel fuga vitae placeat quia totam nisi qui. Omnis accusamus qui harum erro', 'Laborum reprehenderit ab ut necessitatibus. Quam animi facere et delectus fuga in rerum. At dignissi', '2001-01-08 21:54:24', '2012-03-28 07:38:50');
INSERT INTO `order` (`orderId`, `username`, `productId`, `price`, `amount`, `note`, `status`, `created_at`, `updated_at`) VALUES ('5a437484-089b-3a71-8703-2f5c2e45a8a0', 'jovany83', 'c548c749-f750-3b71-8abe-f2d2a65d211d', 34061704, 5, 'Architecto eveniet ut explicabo minus id mollitia neque. Dolorem numquam iusto quo quos impedit prov', 'Et facilis autem eaque et doloribus. Repudiandae qui iure sed quia sequi sint.', '2001-12-18 20:51:20', '1985-05-27 15:59:29');
INSERT INTO `order` (`orderId`, `username`, `productId`, `price`, `amount`, `note`, `status`, `created_at`, `updated_at`) VALUES ('5b0143c5-6c41-3ee3-bb9c-05b337d0ba7d', 'jwisoky', '0f89dfac-4f8f-34a0-ac71-d7c0c5f8f70d', 41990690, 1, 'Veritatis et in aut est. Qui doloremque nihil quo consequatur sit atque minus.', 'Sunt ut beatae dolor laborum odit voluptatem qui. Nulla labore qui debitis eligendi sed. Ducimus iur', '2006-03-01 08:29:06', '1979-06-16 01:46:20');
INSERT INTO `order` (`orderId`, `username`, `productId`, `price`, `amount`, `note`, `status`, `created_at`, `updated_at`) VALUES ('5bbe611b-4887-3e80-8d49-090e99d41abd', 'gheaney', 'f0969e04-4cda-335a-820e-6b5ad0cf2d49', 42446594, 6, 'Repellendus veniam quis fugiat a esse quasi est. Id in esse vitae aut dolor quasi cupiditate. Dolore', 'Harum molestiae eum aut est. Maiores beatae soluta dolorem accusantium eveniet autem facere. Sed nih', '1971-06-20 07:43:21', '1996-06-04 15:18:55');
INSERT INTO `order` (`orderId`, `username`, `productId`, `price`, `amount`, `note`, `status`, `created_at`, `updated_at`) VALUES ('5d0efec2-3358-313f-9210-2f6c1b964862', 'jovany83', '30ae579b-5edd-3a8e-8cca-dce864b7ec9b', 32470130, 2, 'Ipsa totam sed officiis nihil. Cumque debitis et eius qui. Nostrum aut voluptas eum neque ipsa place', 'Perferendis voluptates aut minus voluptate eos recusandae. Tempora ullam dolorum voluptate voluptate', '1970-03-28 18:43:42', '2000-07-12 01:09:26');
INSERT INTO `order` (`orderId`, `username`, `productId`, `price`, `amount`, `note`, `status`, `created_at`, `updated_at`) VALUES ('5d92cebb-7be9-3787-a060-b4554c04d29c', 'rosetta.harber', '39b183d5-bd70-3cf7-b302-8c2f24bde58c', 7481340, 3, 'Eos rerum sunt molestiae soluta. Maiores amet et commodi velit minus. Eos quaerat vel quis voluptatu', 'Commodi molestias harum dolore suscipit eligendi. Est error ex molestias quidem.', '1995-01-29 09:50:46', '1978-06-03 17:38:33');
INSERT INTO `order` (`orderId`, `username`, `productId`, `price`, `amount`, `note`, `status`, `created_at`, `updated_at`) VALUES ('5e23f303-7a9c-3f5e-9014-2a3f86feea53', 'lowe.makenzie', '115b99ac-82f7-3d3d-96a2-a760973e2cce', 48104460, 7, 'Consequatur voluptatem facere modi laboriosam rem. Quas temporibus asperiores voluptatem a officiis ', 'Necessitatibus atque dolore qui autem voluptas animi ducimus. Iure ratione quisquam voluptatem et. E', '2011-04-10 00:03:29', '2014-09-09 07:11:02');
INSERT INTO `order` (`orderId`, `username`, `productId`, `price`, `amount`, `note`, `status`, `created_at`, `updated_at`) VALUES ('5eddb36d-cfa1-3524-b832-c3e9cc660dc7', 'esteban.oberbrunner', 'e9809cf1-c9cc-3a71-b5e5-5cb309ce8abb', 34761390, 2, 'Asperiores odio eveniet non reprehenderit cum. Dolore exercitationem officiis suscipit laborum. Est ', 'Numquam cupiditate sint debitis aut aut. Deleniti blanditiis ipsum eum voluptates doloribus sit nequ', '1979-12-28 10:35:44', '2015-06-08 05:48:14');
INSERT INTO `order` (`orderId`, `username`, `productId`, `price`, `amount`, `note`, `status`, `created_at`, `updated_at`) VALUES ('5efcb642-a677-3845-8224-2ca0d21a19a1', 'gheaney', '23026952-221d-39c7-8d5b-7de2ec84aea8', 21568868, 7, 'Deserunt dolor provident ut odio corrupti. Doloribus quo quasi omnis voluptatem.', 'Porro est dolore quibusdam impedit et delectus ut. Pariatur vel quisquam explicabo officia rem cum p', '1970-12-01 03:39:36', '2018-11-26 23:46:47');
INSERT INTO `order` (`orderId`, `username`, `productId`, `price`, `amount`, `note`, `status`, `created_at`, `updated_at`) VALUES ('601a90b0-baa6-3e06-b622-08ae034ef1a2', 'celia.romaguera', 'dfc02624-ab9f-36fe-ad27-b05e276b1382', 30992237, 7, 'Neque at doloremque maxime labore omnis. Sequi eaque quis sed aperiam. Placeat dolorem ea velit quia', 'Illum nihil adipisci eaque corrupti fuga sapiente amet consequatur. Veniam ullam et est facere delec', '1992-02-07 00:32:10', '2018-05-23 18:13:49');
INSERT INTO `order` (`orderId`, `username`, `productId`, `price`, `amount`, `note`, `status`, `created_at`, `updated_at`) VALUES ('604e90f7-0389-3602-ad66-d627a9db0a38', 'gheaney', 'c101788f-341a-39a8-830d-e647b7d5cf4e', 22996634, 6, 'Atque beatae ipsa aut est voluptatem totam. Alias assumenda voluptas est maiores. Suscipit dolore qu', 'Laboriosam omnis cum illum itaque excepturi inventore voluptates. Qui eos ut autem animi fugit maxim', '1975-04-28 04:36:27', '1994-11-10 15:43:59');
INSERT INTO `order` (`orderId`, `username`, `productId`, `price`, `amount`, `note`, `status`, `created_at`, `updated_at`) VALUES ('637a3c99-2a61-3536-abaa-b74aee109318', 'rosetta.harber', '7a0022e7-b272-314d-9512-986af166fd6d', 13934452, 4, 'Ullam officiis voluptatem et dolor sunt aperiam. Quidem repudiandae iusto voluptate et. Porro error ', 'Omnis et alias facere enim est quo illo. Inventore hic modi perferendis. Quidem voluptatem aut excep', '1995-06-17 05:58:39', '2015-10-01 01:34:26');
INSERT INTO `order` (`orderId`, `username`, `productId`, `price`, `amount`, `note`, `status`, `created_at`, `updated_at`) VALUES ('6465a371-fe28-32e0-a695-8c2d81cd0a05', 'bosco.timmothy', '40da1a6a-c932-3f10-83da-353fe47b967b', 36593827, 3, 'Eum dicta quaerat quia suscipit temporibus natus et. Sed eaque earum aliquid.', 'Dignissimos molestias quia aut nobis eligendi inventore. Inventore ducimus dolorem corporis ducimus ', '1986-08-16 16:45:30', '2004-01-18 19:09:56');
INSERT INTO `order` (`orderId`, `username`, `productId`, `price`, `amount`, `note`, `status`, `created_at`, `updated_at`) VALUES ('651eb374-6547-3b02-88a7-deaea76c7d20', 'jwisoky', '44822412-e04d-34a8-b1fb-0d42695e15d8', 44805006, 3, 'Voluptatem vel libero cumque tempore animi quaerat. Assumenda dolore error non voluptatem. A alias a', 'Accusantium esse eos vero ratione consequatur quos. Veritatis sunt voluptatum animi ut. Impedit exer', '2010-03-06 08:25:08', '2019-10-02 05:47:50');
INSERT INTO `order` (`orderId`, `username`, `productId`, `price`, `amount`, `note`, `status`, `created_at`, `updated_at`) VALUES ('653a0286-614a-3268-a812-8ee50b3289a5', 'jovany83', 'b09c8211-9532-3237-baed-698ad0f4163c', 42149941, 2, 'Aut quis nulla vero recusandae ea. Ea porro ut ea. Voluptatibus quam maxime quibusdam dolore.', 'Accusamus harum ut aspernatur aperiam pariatur facere et. Accusantium quia sequi similique. Amet nat', '2000-05-14 01:32:47', '1997-04-20 20:39:01');
INSERT INTO `order` (`orderId`, `username`, `productId`, `price`, `amount`, `note`, `status`, `created_at`, `updated_at`) VALUES ('6568a5ba-fe12-321c-9061-93bab3cbf115', 'rosetta.harber', 'd8b5df54-a366-34c9-8f87-5458c29a2fd3', 43756615, 4, 'Voluptatem nesciunt rerum id dolorum. Aut facilis non et laudantium. Est et sed quaerat et reprehend', 'Aut rem perspiciatis ullam ab quo vel. Veniam suscipit at voluptates unde dolorem velit. Magni venia', '2009-07-28 23:17:14', '2003-09-13 20:11:34');
INSERT INTO `order` (`orderId`, `username`, `productId`, `price`, `amount`, `note`, `status`, `created_at`, `updated_at`) VALUES ('66679aad-3aa2-33a8-9cd1-bee5ffbbdb7b', 'bosco.timmothy', 'e60b44e4-f2d2-35d8-8d93-40d039158187', 5742106, 5, 'Cumque ad ad sunt vero dolores aliquid quidem. Non aut aliquam possimus fugit eaque quibusdam. Rem a', 'Rem id laboriosam quia qui fugit est. Quo qui itaque praesentium aliquam.', '2015-11-06 06:34:47', '2009-10-02 13:03:18');
INSERT INTO `order` (`orderId`, `username`, `productId`, `price`, `amount`, `note`, `status`, `created_at`, `updated_at`) VALUES ('676878e4-8991-3cbc-a333-c49a83556cf2', 'celia.romaguera', '669b055b-41da-37ac-9029-6820d930e36a', 8356639, 7, 'Necessitatibus quia et cum quidem aut sit libero quos. Non et est ut dolorem.', 'Enim tempore iure hic eum. Quia nostrum consequatur laboriosam. Velit est quo officia autem distinct', '1976-10-19 21:29:17', '1985-03-10 00:42:29');
INSERT INTO `order` (`orderId`, `username`, `productId`, `price`, `amount`, `note`, `status`, `created_at`, `updated_at`) VALUES ('688269c9-348d-33d1-ae3f-730a87120e0c', 'jamey.wintheiser', '8af28f1c-4c0b-3cae-8121-3db0a9adc18d', 12376018, 2, 'Fugiat aliquam minus voluptas est. Sed suscipit commodi eum voluptas. Exercitationem consequatur aut', 'In et voluptas vel. Sequi id quis illo alias debitis incidunt cum. Et aut eos iusto rerum. Et illo l', '1994-05-21 03:23:04', '1976-10-26 21:09:56');
INSERT INTO `order` (`orderId`, `username`, `productId`, `price`, `amount`, `note`, `status`, `created_at`, `updated_at`) VALUES ('69c534b6-20c0-370c-bc10-07878d131e1f', 'celia.romaguera', 'b8cea465-0ccb-31a9-bd96-85cd8702cb31', 23486824, 8, 'Quasi ut nihil aliquam quia et itaque. Eaque accusamus ut qui autem sit dolor dignissimos commodi. T', 'Sunt porro nostrum nisi qui. Voluptatem similique ipsum placeat officia adipisci omnis similique. Do', '1990-03-28 19:12:15', '2007-05-07 21:36:04');
INSERT INTO `order` (`orderId`, `username`, `productId`, `price`, `amount`, `note`, `status`, `created_at`, `updated_at`) VALUES ('6ae2a1d2-75c9-32ab-93b9-c85edaadd947', 'jwisoky', 'b162666c-9fc4-335b-ab52-23c3580f0da2', 47102751, 8, 'Aliquam deserunt doloribus quae cupiditate consequuntur voluptas quas. Qui illum fugiat quo vel sunt', 'Eos quo est temporibus quis aperiam iste non. Molestias eveniet sed assumenda aut. Repellendus volup', '2012-02-12 04:09:29', '1979-02-18 03:27:53');
INSERT INTO `order` (`orderId`, `username`, `productId`, `price`, `amount`, `note`, `status`, `created_at`, `updated_at`) VALUES ('6d20f8c1-195c-38fc-a4a8-223e4a3b41e1', 'celia.romaguera', '49cbfbf2-00a5-349f-a46d-3c91edd40eae', 35599955, 4, 'Et non sint deleniti temporibus labore veniam. Et accusantium et autem nihil delectus maxime explica', 'Quos sint voluptas sunt. Quae qui blanditiis ut. Maiores unde autem molestiae est error nemo. Quod v', '1972-01-27 10:29:26', '1986-05-18 06:34:27');
INSERT INTO `order` (`orderId`, `username`, `productId`, `price`, `amount`, `note`, `status`, `created_at`, `updated_at`) VALUES ('6e2e1203-45b2-3614-820a-bded418415f4', 'rosetta.harber', '949900a5-e13c-3468-a283-65ab8a361665', 47020371, 8, 'Voluptas sapiente libero laudantium nemo nam nobis. Ab omnis est explicabo aut. Qui non nostrum unde', 'Provident dolores laudantium cupiditate molestiae totam et. Adipisci sunt laudantium et voluptatem v', '1984-09-29 07:39:14', '2011-02-07 22:05:40');
INSERT INTO `order` (`orderId`, `username`, `productId`, `price`, `amount`, `note`, `status`, `created_at`, `updated_at`) VALUES ('6e3a27f0-d712-34e7-a3b7-fedff8a9ff70', 'lowe.makenzie', '39a87279-50ab-37a1-9ec9-a2208325ce8d', 49142982, 2, 'Dolores quae fugit et odio eligendi. Accusantium tempora explicabo molestiae ab. Ab id natus eum at ', 'Voluptatem perspiciatis cupiditate eveniet aut perspiciatis omnis voluptas. Nihil delectus vel minus', '2015-05-27 23:54:07', '2019-06-16 16:25:35');
INSERT INTO `order` (`orderId`, `username`, `productId`, `price`, `amount`, `note`, `status`, `created_at`, `updated_at`) VALUES ('71558735-4ed3-3701-ae28-eed2ec9104ce', 'jwisoky', '44822412-e04d-34a8-b1fb-0d42695e15d8', 24664755, 6, 'Dolores non quibusdam nobis quia. Sed illo placeat sit. Dolores aperiam ducimus quibusdam aut quos c', 'Rerum sed ratione quasi amet fugiat. Atque natus harum nisi dolores fugit in. Odit minus placeat und', '1987-08-27 16:01:41', '1994-04-16 04:46:07');
INSERT INTO `order` (`orderId`, `username`, `productId`, `price`, `amount`, `note`, `status`, `created_at`, `updated_at`) VALUES ('71758437-702c-31f3-b973-db66a519a528', 'bosco.timmothy', '489cbeab-599b-387a-a336-57b5f6483355', 24761173, 3, 'Eos alias minima cupiditate nihil et repellendus facere saepe. Ea iure dolorem aut. Officiis nisi re', 'Libero dolorum vel incidunt voluptas animi. Quas quam error debitis sed error rerum. Perferendis lib', '1983-10-27 15:50:47', '1970-04-28 07:53:56');
INSERT INTO `order` (`orderId`, `username`, `productId`, `price`, `amount`, `note`, `status`, `created_at`, `updated_at`) VALUES ('725a03d9-e3fc-3a6c-877f-589bfb0dabb8', 'allen.kshlerin', 'dc10c831-78a4-35a5-8d2a-a78e3001ee06', 28910607, 8, 'Et sed magnam veniam adipisci in eligendi. Ipsa nulla provident quaerat aut ipsa at. Et et ducimus q', 'Et deleniti accusantium cumque modi suscipit et porro. Excepturi non dolorem et magnam rerum volupta', '1990-03-30 20:10:13', '1995-10-13 02:22:49');
INSERT INTO `order` (`orderId`, `username`, `productId`, `price`, `amount`, `note`, `status`, `created_at`, `updated_at`) VALUES ('728fc7d4-af73-3dfb-bd8b-fbca7ff1dc2e', 'jovany83', '55372bf9-5594-3cc1-a70f-0d1f3010cdeb', 46878302, 4, 'Nesciunt aut eveniet qui maxime enim totam quaerat corrupti. Unde molestiae sequi voluptas et. Rem a', 'Corporis aut fugiat ipsa quibusdam sint. Dolore qui omnis impedit distinctio sed. Sit eum vitae illu', '1979-03-24 02:02:07', '1996-09-09 14:16:29');
INSERT INTO `order` (`orderId`, `username`, `productId`, `price`, `amount`, `note`, `status`, `created_at`, `updated_at`) VALUES ('7342f559-6ff6-3267-956f-3c9fc24151bc', 'jamey.wintheiser', 'aa637047-bbc0-3ffb-90a7-8a9d88aeca3f', 5001006, 4, 'Nulla rerum delectus consequatur. Quisquam omnis perspiciatis quo.', 'Mollitia maxime ipsum dolorem ipsum. Culpa vero aspernatur excepturi facere voluptatibus sed aperiam', '1971-03-09 17:56:57', '1984-05-20 07:19:21');
INSERT INTO `order` (`orderId`, `username`, `productId`, `price`, `amount`, `note`, `status`, `created_at`, `updated_at`) VALUES ('746e7b73-2de7-3fab-9adf-c65c2393840d', 'jwisoky', 'c674cb6d-c103-3a76-a6ed-39f6c8de6b0e', 29556522, 1, 'Id ipsa accusantium blanditiis iure minus ipsam. Ullam quo sed consectetur impedit aliquid et nihil.', 'Recusandae veniam quas voluptas asperiores modi quas est. Expedita iusto iusto consequatur animi.', '1996-08-13 00:01:55', '2018-02-04 22:56:15');
INSERT INTO `order` (`orderId`, `username`, `productId`, `price`, `amount`, `note`, `status`, `created_at`, `updated_at`) VALUES ('7795f8bd-50d6-36c9-aec7-7fb1e10df46e', 'esteban.oberbrunner', '41b9bc26-6224-3ce0-9cb2-fe8ab218e3f3', 43578334, 3, 'Perferendis ducimus et aut sint autem voluptas. Sunt enim ab quibusdam. Quam velit nemo corporis del', 'Consectetur ratione id voluptas eius itaque. Nam voluptatem doloribus est ut ullam dignissimos dolor', '1976-10-11 23:38:19', '2004-06-01 10:31:50');
INSERT INTO `order` (`orderId`, `username`, `productId`, `price`, `amount`, `note`, `status`, `created_at`, `updated_at`) VALUES ('7843ab33-9deb-34f9-b072-b0ecf3c5db07', 'esteban.oberbrunner', 'a5c66bbe-ab10-3663-9e50-ad63caf22bd6', 45914912, 5, 'Et voluptatibus facilis quia distinctio dolor consequatur fugiat. Modi officiis autem consequatur qu', 'Quidem sequi ut quo aut iusto soluta. Praesentium nisi ipsum non sint ea. Quia odio maxime rerum ver', '1976-01-05 00:15:21', '2017-08-02 23:51:09');
INSERT INTO `order` (`orderId`, `username`, `productId`, `price`, `amount`, `note`, `status`, `created_at`, `updated_at`) VALUES ('79b2282b-e30a-3194-bb54-30941a49d7bc', 'jwisoky', '742e7fa3-dee3-3db5-b4fd-5d1fe1c6a841', 15042757, 3, 'Fugiat accusamus qui officia at ut. Corrupti veritatis neque consequatur quos a cum. Iusto omnis qui', 'Quia voluptas aliquid ad inventore quaerat minus quisquam tenetur. Aut aut qui iusto maxime consequu', '1994-09-14 10:26:31', '1975-12-25 19:43:10');
INSERT INTO `order` (`orderId`, `username`, `productId`, `price`, `amount`, `note`, `status`, `created_at`, `updated_at`) VALUES ('7c3b31d2-50d3-31ec-bc0f-f1c1f6a74ea2', 'gheaney', '6fbeb17e-c55a-3614-8e13-502bb8661c47', 28844990, 2, 'Sunt et voluptatem facilis consequatur sed sed. Voluptas id tempora vero eum. Doloremque illum corpo', 'Est vel distinctio voluptatem aliquid tempora ut. Dolorem sequi esse saepe quia necessitatibus porro', '2018-04-11 15:47:38', '1987-01-31 10:58:49');
INSERT INTO `order` (`orderId`, `username`, `productId`, `price`, `amount`, `note`, `status`, `created_at`, `updated_at`) VALUES ('7ee7c5bf-bba1-369c-b51c-5781fee83e53', 'celia.romaguera', 'e7b775a4-c35d-3906-bd3f-22fc1e09838b', 25668311, 1, 'Aspernatur temporibus sit ipsa nihil. Ut repellat dicta vitae animi eveniet nulla. Nesciunt dolore i', 'A voluptatem sapiente sequi tempore debitis optio. Expedita fugiat ullam occaecati corporis. Magni r', '1978-03-18 06:57:31', '2003-04-14 23:06:33');
INSERT INTO `order` (`orderId`, `username`, `productId`, `price`, `amount`, `note`, `status`, `created_at`, `updated_at`) VALUES ('8135530f-6313-3a05-ab66-df1d0959cc12', 'gheaney', '4a6ec5b4-b963-31e5-9272-f241242654d6', 38275884, 9, 'Vero enim itaque consequatur. Recusandae voluptatem aut amet rerum soluta. Ad sit magnam ut autem es', 'Ut libero nemo provident odio alias sit. Quo fugiat exercitationem laborum officiis iste sequi. Vel ', '1985-12-20 13:01:52', '1986-03-16 04:16:19');
INSERT INTO `order` (`orderId`, `username`, `productId`, `price`, `amount`, `note`, `status`, `created_at`, `updated_at`) VALUES ('84cbc189-7396-3228-a488-c95590004d8e', 'gheaney', '6fbeb17e-c55a-3614-8e13-502bb8661c47', 7548913, 7, 'Illo non rem ut voluptatem excepturi labore doloribus. Dolorem qui illum totam tempore ad culpa. Vol', 'Et commodi delectus labore tempora in. Nostrum laboriosam pariatur natus ullam vel. Quos consequatur', '1997-10-10 03:17:20', '1970-03-13 01:48:22');
INSERT INTO `order` (`orderId`, `username`, `productId`, `price`, `amount`, `note`, `status`, `created_at`, `updated_at`) VALUES ('8584aeb6-e9f0-36e0-8dd3-16647f3180c9', 'lowe.makenzie', 'fcc5b3f1-046e-399b-bf9d-3166c9dff46c', 49806171, 8, 'Aut dignissimos qui possimus sed exercitationem veniam. Eius autem aut natus autem rerum. Totam poss', 'Est ad est temporibus repellendus. Quia aut expedita qui fuga nihil. Accusantium et assumenda vel ut', '2001-10-26 09:19:01', '1974-05-14 03:05:04');
INSERT INTO `order` (`orderId`, `username`, `productId`, `price`, `amount`, `note`, `status`, `created_at`, `updated_at`) VALUES ('85ab8f9b-6dc1-3c99-bcd7-6d40387a37a6', 'allen.kshlerin', 'e5f0da25-f5c5-3d17-95f2-616acd3c9df7', 42854457, 5, 'Blanditiis qui beatae corrupti voluptatem sed. Assumenda minus dolor quisquam eaque. Autem est incid', 'Perspiciatis sunt dicta quis id. Atque mollitia consequatur quos illo fuga. Eum quia sit et et omnis', '2015-02-14 21:49:14', '1984-09-26 21:14:42');
INSERT INTO `order` (`orderId`, `username`, `productId`, `price`, `amount`, `note`, `status`, `created_at`, `updated_at`) VALUES ('8a502ef1-6ec2-3042-9625-6988c09c8083', 'jovany83', '0e6ff22e-f150-3bf6-bc5a-ff40b149e8a8', 9525374, 4, 'Veniam dignissimos quas culpa voluptatem. Eos assumenda libero magnam iure. Beatae voluptatem veniam', 'Ut porro magni inventore commodi. Facilis vero ut illum est nemo. Consequatur quis officia aut ab fu', '2012-05-29 07:15:19', '2001-09-15 02:26:59');
INSERT INTO `order` (`orderId`, `username`, `productId`, `price`, `amount`, `note`, `status`, `created_at`, `updated_at`) VALUES ('8a9ddc2e-7865-36b1-b6ba-f3125a127324', 'esteban.oberbrunner', '0b4ff015-b216-3ffc-92c0-45cb953f9773', 37100593, 8, 'Sit voluptatibus provident harum explicabo. Et quia quis molestias vel. Praesentium error dolor et. ', 'Eum fuga delectus cupiditate. Quisquam vero dolorum vitae et corporis sunt consequatur. Et sequi sed', '1976-06-12 11:20:25', '2019-10-06 01:15:46');
INSERT INTO `order` (`orderId`, `username`, `productId`, `price`, `amount`, `note`, `status`, `created_at`, `updated_at`) VALUES ('8d9cfa8d-5cf0-3297-9307-d5ad7ab0998b', 'gheaney', '89e68360-fa71-3628-a7a0-9452458e5a66', 25884019, 4, 'Rerum eveniet at sit distinctio nemo voluptas facilis. Non consequatur doloremque exercitationem ut ', 'Similique autem cum dolor aliquid dolorem unde amet est. Eius delectus aut et enim. Et accusantium r', '1993-02-02 03:07:39', '2020-01-07 11:46:44');
INSERT INTO `order` (`orderId`, `username`, `productId`, `price`, `amount`, `note`, `status`, `created_at`, `updated_at`) VALUES ('8e4fd2ce-ba60-3011-88e9-fc71ebd24a7a', 'celia.romaguera', '49cbfbf2-00a5-349f-a46d-3c91edd40eae', 43362116, 4, 'Ab cupiditate minima exercitationem ut aut eum iusto. Voluptas voluptatem fuga quae aut quis cum ab.', 'Quia temporibus quibusdam minus fuga rerum blanditiis nam quasi. Vero asperiores enim et. Voluptates', '2007-07-04 10:15:33', '1971-07-09 02:18:46');
INSERT INTO `order` (`orderId`, `username`, `productId`, `price`, `amount`, `note`, `status`, `created_at`, `updated_at`) VALUES ('8e8b7dc9-01b8-356b-a8b3-d42fe3703c8a', 'celia.romaguera', '0a981cd5-221b-3c41-a57d-b4c17c9cca04', 721557, 6, 'Autem consequuntur dolorem sit. Velit eum nihil porro aut. Quo delectus harum est quae consequatur c', 'Labore laudantium temporibus eligendi earum itaque perferendis. Omnis sapiente quibusdam enim praese', '2011-06-07 04:39:23', '1980-04-19 15:49:53');
INSERT INTO `order` (`orderId`, `username`, `productId`, `price`, `amount`, `note`, `status`, `created_at`, `updated_at`) VALUES ('9034a885-76c0-3d9f-accf-f70a3e2ecc78', 'jamey.wintheiser', '0de31249-0abc-3ba1-a287-827eba5770fc', 39374627, 7, 'Dolore doloribus minus unde nam placeat perferendis id. Rerum sit neque delectus ratione quos. Culpa', 'Cum velit dolore rerum. Saepe dicta eos est minus quis iure esse. Ut cumque recusandae id expedita e', '1983-08-05 07:09:44', '1982-12-07 21:52:33');
INSERT INTO `order` (`orderId`, `username`, `productId`, `price`, `amount`, `note`, `status`, `created_at`, `updated_at`) VALUES ('90f67912-0e9d-3368-869a-0e455a736b47', 'bosco.timmothy', '1e1b9967-5b84-3a6c-aead-a6f49d188a30', 10097027, 4, 'Similique fugiat esse quae dolor enim iusto. Ab vel odio eius distinctio molestiae.', 'Consequuntur libero est eius similique. Est doloremque aut dolore. Odit similique possimus vitae del', '1972-12-30 05:51:12', '1986-02-04 08:46:49');
INSERT INTO `order` (`orderId`, `username`, `productId`, `price`, `amount`, `note`, `status`, `created_at`, `updated_at`) VALUES ('9286b5f7-bcf5-35d7-b1c7-20969645ea48', 'lowe.makenzie', '5dc902c1-aefd-3118-bcf3-9548159b8a71', 30036215, 5, 'Qui numquam aut repellendus laboriosam magnam iusto. Culpa quo consectetur laborum consequatur possi', 'Esse tenetur commodi ut illum labore. Voluptatem cum sed eum eaque qui ullam. Pariatur recusandae ma', '2007-11-09 10:05:00', '2005-08-11 04:23:46');
INSERT INTO `order` (`orderId`, `username`, `productId`, `price`, `amount`, `note`, `status`, `created_at`, `updated_at`) VALUES ('92e8e468-a255-37fe-a02b-ce928eb339bb', 'lowe.makenzie', '115b99ac-82f7-3d3d-96a2-a760973e2cce', 9654825, 5, 'Non deleniti animi rerum aut. Molestiae ea consequatur beatae sit vitae atque at. Numquam beatae vol', 'Fugiat excepturi explicabo vel in ipsa. Reprehenderit eveniet odit ut accusamus reprehenderit. Maior', '2018-03-19 02:03:08', '2010-11-27 15:32:37');
INSERT INTO `order` (`orderId`, `username`, `productId`, `price`, `amount`, `note`, `status`, `created_at`, `updated_at`) VALUES ('93b6c91d-7200-338c-aa75-4c9baa9835e6', 'jwisoky', '8d615df1-bd20-3be7-89c6-5c8a043862d7', 13719775, 1, 'Dolorum consectetur provident aut minima fugit ea. Corrupti natus odio quia veniam saepe.', 'Minima eos et reiciendis voluptatibus. Et eum dolore deserunt. Rerum dolorem voluptas et enim iusto ', '2014-09-01 09:05:18', '2012-07-17 00:32:27');
INSERT INTO `order` (`orderId`, `username`, `productId`, `price`, `amount`, `note`, `status`, `created_at`, `updated_at`) VALUES ('93bfda6b-7673-3589-85db-b76e2170e46b', 'esteban.oberbrunner', '68de12bc-ce79-32e0-89f0-e10c8a276432', 37607212, 1, 'Quas et atque officia numquam culpa. Id laboriosam porro perferendis incidunt. Sed necessitatibus ni', 'Et porro omnis dolores quod est. Temporibus mollitia neque eum nulla laudantium earum.', '2003-04-16 22:59:50', '1992-05-16 22:50:23');
INSERT INTO `order` (`orderId`, `username`, `productId`, `price`, `amount`, `note`, `status`, `created_at`, `updated_at`) VALUES ('9552a83a-96e9-38ae-a825-5ccb20de0e95', 'lowe.makenzie', '765a8112-eaae-3730-8b5e-81c80fb253bf', 49858618, 9, 'Facere dolores magnam culpa aliquid commodi. Omnis modi quia velit accusantium sunt occaecati sed. D', 'Ut magnam et sit esse praesentium accusantium ea. Sit qui deleniti et perspiciatis ipsam. Quae quibu', '1977-11-19 04:45:01', '1989-07-07 13:44:49');
INSERT INTO `order` (`orderId`, `username`, `productId`, `price`, `amount`, `note`, `status`, `created_at`, `updated_at`) VALUES ('98716d05-8883-3cea-a1ee-1264ec7a3697', 'celia.romaguera', '1f10cd78-06b8-3dad-aa10-3937de191529', 45056884, 8, 'Tempora tenetur voluptatem est ut. Commodi at aut dolores commodi similique quibusdam. Velit provide', 'Fugiat optio debitis et ratione est aut. Eaque porro nihil sit inventore ea. Et ipsam voluptas ad ex', '1973-03-14 18:06:50', '1993-04-06 00:37:06');
INSERT INTO `order` (`orderId`, `username`, `productId`, `price`, `amount`, `note`, `status`, `created_at`, `updated_at`) VALUES ('99a37d35-d8a8-3480-a7e1-a09eba2b84b1', 'jamey.wintheiser', 'e201d43d-b26e-370d-ad33-52a8438aea8a', 3742774, 8, 'Ipsum dolorem explicabo porro quasi. Consequatur tenetur rem occaecati tenetur dolore voluptas omnis', 'Blanditiis in amet consequatur dolore. In numquam rerum animi quas vitae qui. Suscipit et porro sed ', '2000-09-24 20:25:00', '1984-08-01 22:05:52');
INSERT INTO `order` (`orderId`, `username`, `productId`, `price`, `amount`, `note`, `status`, `created_at`, `updated_at`) VALUES ('9b28a26f-85d7-3015-939a-562c1c1b3d31', 'lowe.makenzie', '4592025c-11f6-34bd-aece-21c8f0c2aa31', 14140590, 2, 'Vel officia nostrum beatae quia placeat. Ea quia voluptas praesentium dignissimos. Voluptas voluptat', 'Omnis ut quasi et quam reiciendis molestiae rerum quia. Deleniti rem praesentium laboriosam voluptat', '2020-03-23 18:43:49', '1989-01-15 13:28:14');
INSERT INTO `order` (`orderId`, `username`, `productId`, `price`, `amount`, `note`, `status`, `created_at`, `updated_at`) VALUES ('9b86e4c4-0b81-3703-a677-0d8b016592ce', 'rosetta.harber', '5e8cea84-389c-38af-b226-b15ffa6ec154', 16166016, 1, 'Et eaque magnam ullam. Optio libero numquam et est modi consequatur. Hic numquam beatae velit harum ', 'Dolor dolores laborum velit vel. Earum dolorem quia cumque commodi repellendus repellat libero. Iust', '2002-03-23 10:55:24', '1975-07-06 08:02:24');
INSERT INTO `order` (`orderId`, `username`, `productId`, `price`, `amount`, `note`, `status`, `created_at`, `updated_at`) VALUES ('9c3c94f7-a2ed-3087-9887-4c23e64b0ac0', 'jwisoky', 'c674cb6d-c103-3a76-a6ed-39f6c8de6b0e', 11123898, 8, 'Ut qui voluptatem alias fugiat. Dolorem voluptatem ducimus repellendus similique. Consequatur repell', 'In corrupti excepturi et voluptate optio. Minus sunt eos nobis rerum culpa. Est omnis iste blanditii', '2002-09-16 09:35:47', '1976-05-24 21:58:00');
INSERT INTO `order` (`orderId`, `username`, `productId`, `price`, `amount`, `note`, `status`, `created_at`, `updated_at`) VALUES ('9cb8e107-4595-3964-9b4a-9610e8196d12', 'gheaney', '0cd349b5-50d2-30a1-9f4a-0393dd1a7433', 30219244, 6, 'Numquam minima accusamus laborum. Soluta perspiciatis hic consequatur veritatis. Accusamus culpa per', 'Omnis voluptas ut veniam quo corrupti iusto. Culpa vel sed dignissimos sed eveniet ad. Sint rerum qu', '1987-09-03 22:50:43', '2008-04-25 06:50:43');
INSERT INTO `order` (`orderId`, `username`, `productId`, `price`, `amount`, `note`, `status`, `created_at`, `updated_at`) VALUES ('9fdb75bd-fd15-3369-a445-a91dbb777232', 'esteban.oberbrunner', 'e06590f7-491f-365d-8409-b78bf88254b6', 26163473, 6, 'Labore voluptatem rerum et ut. Doloremque laborum dignissimos quibusdam enim aliquid. Modi laboriosa', 'Labore repellat qui ut. Voluptatem eligendi minima nisi libero tempora ut. Consequuntur tempora volu', '1975-04-29 17:50:19', '2004-08-17 23:48:00');
INSERT INTO `order` (`orderId`, `username`, `productId`, `price`, `amount`, `note`, `status`, `created_at`, `updated_at`) VALUES ('a2a39e23-1880-3ea4-bc79-821b9e73fd45', 'celia.romaguera', '1f10cd78-06b8-3dad-aa10-3937de191529', 18559527, 2, 'Voluptatem sit fuga dolorem qui quo assumenda. Quod non dolorem in cum repudiandae. Ut ea molestiae ', 'Ex odio impedit est iste. Ad vel nulla qui. A distinctio sapiente officiis dolor voluptas consequunt', '2000-09-05 15:50:47', '2011-01-30 22:14:04');
INSERT INTO `order` (`orderId`, `username`, `productId`, `price`, `amount`, `note`, `status`, `created_at`, `updated_at`) VALUES ('a2b9e0d1-1f45-31d4-afcd-1864e915c30c', 'jwisoky', '742e7fa3-dee3-3db5-b4fd-5d1fe1c6a841', 29125499, 5, 'Et expedita et magnam vel at cumque culpa quia. Numquam voluptas quas eos distinctio. Consequatur ap', 'Voluptas nobis et nulla sed aliquid. Saepe quos error et ut non. Odit et asperiores quidem quia omni', '1979-10-07 19:08:47', '2005-03-18 18:58:44');
INSERT INTO `order` (`orderId`, `username`, `productId`, `price`, `amount`, `note`, `status`, `created_at`, `updated_at`) VALUES ('a34e810a-3018-316b-9a16-39733002d912', 'bosco.timmothy', 'ddeac884-0c66-331c-858a-c37aa3598548', 11316452, 4, 'Sed error harum necessitatibus at culpa ut atque. Rerum quis sed sunt.', 'Quia vero molestias neque placeat. Sit autem a culpa iure provident.', '2000-12-13 08:14:02', '2005-10-05 13:49:54');
INSERT INTO `order` (`orderId`, `username`, `productId`, `price`, `amount`, `note`, `status`, `created_at`, `updated_at`) VALUES ('a48c435a-8314-3968-9e90-1b501bc0370f', 'allen.kshlerin', '196f187f-4d06-38d9-b4a0-f459ec3b169b', 22092917, 8, 'Vero quam est architecto explicabo id accusantium. Dolorem libero et non laboriosam doloremque. Laud', 'Unde consequuntur cumque voluptas nam et officia non. Dolores ea deleniti voluptas corporis distinct', '1972-05-12 22:33:14', '1973-09-10 19:10:24');
INSERT INTO `order` (`orderId`, `username`, `productId`, `price`, `amount`, `note`, `status`, `created_at`, `updated_at`) VALUES ('a7ca0eeb-eb19-358e-93e0-96f576771bdc', 'bosco.timmothy', 'b595c9e1-6842-31dc-96d9-b393bf5935b2', 31116327, 5, 'Praesentium in mollitia molestiae quia aut. Deserunt error minus ex. Voluptatum cupiditate ipsum rer', 'Ratione omnis ea aut doloremque soluta alias maiores. Iste cum dolores et odit ad sit eos. Dolorum c', '1982-11-17 08:01:00', '2003-12-24 17:38:59');
INSERT INTO `order` (`orderId`, `username`, `productId`, `price`, `amount`, `note`, `status`, `created_at`, `updated_at`) VALUES ('a9e97a45-2841-328c-8135-47f85025eab9', 'allen.kshlerin', '978af8a4-c809-3dd3-91cb-0b78f4e5e8d0', 36785439, 3, 'Repellendus rerum nemo ut a sit harum. Magnam nisi expedita quia. Et est et minus rem aut enim unde.', 'In tenetur ratione officia repudiandae provident aut. Architecto hic nam similique commodi sed place', '1984-08-04 18:14:54', '2006-03-29 05:22:49');
INSERT INTO `order` (`orderId`, `username`, `productId`, `price`, `amount`, `note`, `status`, `created_at`, `updated_at`) VALUES ('ae0ea9fa-8636-3866-8d66-f9b66fb70452', 'esteban.oberbrunner', '1faa9ee4-50a3-3ff4-8e91-baad2cee2466', 30427449, 4, 'Qui sit animi omnis eum voluptatem ab. Magnam consequatur illum ut odit neque cumque id. Saepe minim', 'Qui consequuntur numquam non inventore dolores. Ex sit ea odit nemo quam nulla omnis et. Eos qui dol', '1995-06-04 12:40:19', '1993-04-29 14:02:37');
INSERT INTO `order` (`orderId`, `username`, `productId`, `price`, `amount`, `note`, `status`, `created_at`, `updated_at`) VALUES ('af8a4c41-01c3-3c79-ad3d-fc499375d27a', 'rosetta.harber', 'b2840795-3da0-3d9e-b2c2-e3c3134783b6', 20986529, 7, 'Nostrum nisi quis sit omnis possimus. Magnam earum accusantium omnis suscipit velit. Maiores animi d', 'Est ab id non autem sit. Non omnis voluptatem dolorem tempora. Exercitationem voluptatem minima aut ', '2019-04-23 18:48:42', '1999-09-12 18:36:43');
INSERT INTO `order` (`orderId`, `username`, `productId`, `price`, `amount`, `note`, `status`, `created_at`, `updated_at`) VALUES ('af8f2bd0-b9e2-388b-9244-ef3cd6d3cdc8', 'allen.kshlerin', '473acdc0-abc7-3dc3-83df-680d71697107', 16871961, 7, 'Magnam beatae porro ratione. Aut nihil voluptatem optio enim ea quis id quasi. Dolorum fugit digniss', 'Molestiae possimus repellendus et perferendis totam. Occaecati aliquam earum fugit in. Rerum dolores', '1994-03-06 06:28:33', '2019-02-03 07:53:12');
INSERT INTO `order` (`orderId`, `username`, `productId`, `price`, `amount`, `note`, `status`, `created_at`, `updated_at`) VALUES ('afd6a6cd-cb68-3b7d-bc58-4bbd4da61f35', 'esteban.oberbrunner', '0b4ff015-b216-3ffc-92c0-45cb953f9773', 15909621, 3, 'Reprehenderit iusto facilis recusandae. Error voluptatem iste officia corporis et. Minus officia sin', 'Architecto praesentium ut animi libero voluptatem est soluta. Et amet eum quibusdam ratione qui quae', '1981-09-17 06:59:31', '2001-07-11 09:51:35');
INSERT INTO `order` (`orderId`, `username`, `productId`, `price`, `amount`, `note`, `status`, `created_at`, `updated_at`) VALUES ('b3b3317b-cb7e-3e4b-9767-96b0e49b7cc8', 'rosetta.harber', '45eccf7b-da63-339b-93f8-c96dc6ab4fdf', 23147613, 2, 'Aperiam nihil fugiat officia repudiandae mollitia nihil. Veritatis est voluptatem omnis et rerum.', 'Corrupti in unde quaerat in ad. In sed quod illo iusto. Eaque similique cum eius possimus enim. Eos ', '1970-07-24 02:26:51', '2003-12-19 13:53:22');
INSERT INTO `order` (`orderId`, `username`, `productId`, `price`, `amount`, `note`, `status`, `created_at`, `updated_at`) VALUES ('b72fb61b-6eb4-3192-bde2-c3f68a14b0a8', 'jamey.wintheiser', '7364fc63-9c43-36a3-8ff9-cbc381c6519c', 40603401, 4, 'Magnam reprehenderit dolorem neque in et. Omnis rerum est nesciunt animi quas eius dolor. Sunt maxim', 'Ullam id voluptatem itaque est earum. Porro dolor quia tenetur accusamus unde exercitationem nihil. ', '1989-10-17 18:45:30', '1984-02-23 05:39:04');
INSERT INTO `order` (`orderId`, `username`, `productId`, `price`, `amount`, `note`, `status`, `created_at`, `updated_at`) VALUES ('b988fb1e-26e0-34d7-9e53-22a3c82e2943', 'jovany83', '0e6ff22e-f150-3bf6-bc5a-ff40b149e8a8', 19837734, 4, 'Voluptatibus provident tempora omnis atque incidunt ducimus. Officiis repellendus qui ut. Qui doloru', 'Eos sit rerum ipsam consequatur sunt aliquam. Qui iste hic voluptas corporis placeat voluptatem porr', '2010-09-04 06:22:55', '1976-11-13 05:06:11');
INSERT INTO `order` (`orderId`, `username`, `productId`, `price`, `amount`, `note`, `status`, `created_at`, `updated_at`) VALUES ('ba6b776d-c322-37a1-aa26-202209ee097b', 'lowe.makenzie', '765a8112-eaae-3730-8b5e-81c80fb253bf', 13873951, 9, 'Libero eaque quas voluptatem. Molestiae reprehenderit doloribus placeat architecto ea. Nihil aliquam', 'Dolorem corporis est vel quis. Culpa occaecati quia voluptates aut aut sed modi. Harum praesentium e', '2015-11-04 06:22:08', '1988-08-02 07:57:19');
INSERT INTO `order` (`orderId`, `username`, `productId`, `price`, `amount`, `note`, `status`, `created_at`, `updated_at`) VALUES ('ba828aee-586c-31ad-a710-c3b92284776b', 'jwisoky', 'b162666c-9fc4-335b-ab52-23c3580f0da2', 37796645, 9, 'Fugiat cumque ducimus sit. Sint repellat aliquam ducimus. Quia rerum corporis alias illum quia non q', 'Quis fugiat vero autem. Veritatis placeat quia eum sed iusto totam vero. Consectetur consequatur cul', '2008-09-30 19:04:35', '1987-10-04 18:36:53');
INSERT INTO `order` (`orderId`, `username`, `productId`, `price`, `amount`, `note`, `status`, `created_at`, `updated_at`) VALUES ('bc06026c-d3b8-354d-8bfa-21f965364845', 'celia.romaguera', '85c64732-d06d-3a76-a54f-02e6bd1d55bd', 2041943, 9, 'Et sequi laboriosam dicta et voluptatum porro qui. Suscipit ut illo mollitia temporibus saepe distin', 'Et sit aperiam beatae officia ut. Alias quis omnis aliquam dolor iure nihil. Ut provident consectetu', '1982-07-11 07:26:54', '2003-05-20 13:23:24');
INSERT INTO `order` (`orderId`, `username`, `productId`, `price`, `amount`, `note`, `status`, `created_at`, `updated_at`) VALUES ('bcc53a8f-34f1-3f76-a440-0455d623c80c', 'lowe.makenzie', '939824db-9a02-3ea3-a665-c8a8aba71111', 8368974, 9, 'Est iure nihil ab repellat. Voluptatibus consequuntur dolores est quia. Earum voluptatum quam vitae ', 'Ipsam unde et fugit et reprehenderit dolorem. Nulla qui in voluptatem sed illo voluptatum fugiat. Vo', '1995-02-09 02:58:19', '1994-08-14 20:53:54');
INSERT INTO `order` (`orderId`, `username`, `productId`, `price`, `amount`, `note`, `status`, `created_at`, `updated_at`) VALUES ('bdb534e9-d852-3f62-95b6-f5316f9bf23a', 'jwisoky', 'f6426cbf-14d0-3367-86c0-98d335e40187', 24592638, 3, 'Saepe qui ea debitis ipsa maxime. A dignissimos suscipit voluptate enim et doloribus atque. Doloribu', 'Nostrum aliquam corrupti aut debitis laboriosam et quidem et. Ipsam sed dignissimos consequatur est.', '1977-04-11 09:50:49', '2013-10-13 04:27:49');
INSERT INTO `order` (`orderId`, `username`, `productId`, `price`, `amount`, `note`, `status`, `created_at`, `updated_at`) VALUES ('be7270ba-bdf7-3404-b168-362770125e2a', 'jovany83', '74142fde-6c93-3d37-bf53-ac918be56a4d', 24798913, 6, 'Esse cumque assumenda ab doloribus. Molestiae inventore soluta debitis dolorem et et temporibus.', 'Modi consequatur error esse vel. Laborum nostrum veritatis eum exercitationem dolor architecto aliqu', '2004-10-22 04:22:40', '1993-06-08 12:02:27');
INSERT INTO `order` (`orderId`, `username`, `productId`, `price`, `amount`, `note`, `status`, `created_at`, `updated_at`) VALUES ('be8bb209-38cc-3d41-980d-c5cd6663ac61', 'lowe.makenzie', '939824db-9a02-3ea3-a665-c8a8aba71111', 19216608, 6, 'Dolore rem saepe id est quo ut perferendis. Est reprehenderit voluptatem ducimus sint fugiat volupta', 'Nostrum nisi dolorem nam est qui corrupti dolorum. Et et dolore doloremque repellat voluptatibus neq', '2003-09-01 16:23:03', '1980-12-01 02:26:46');
INSERT INTO `order` (`orderId`, `username`, `productId`, `price`, `amount`, `note`, `status`, `created_at`, `updated_at`) VALUES ('c0a051a3-add8-3c6f-b501-b7b59878e797', 'gheaney', 'c101788f-341a-39a8-830d-e647b7d5cf4e', 23091157, 3, 'Nobis tempore et tenetur labore. Ut perspiciatis voluptas ut aspernatur natus autem voluptatem. Ut i', 'Est perspiciatis sit ipsa doloremque possimus. In optio vitae repudiandae sit ratione.', '1991-04-16 09:26:40', '2012-05-18 00:33:18');
INSERT INTO `order` (`orderId`, `username`, `productId`, `price`, `amount`, `note`, `status`, `created_at`, `updated_at`) VALUES ('c3156b5f-af05-34d3-9372-7816e211ee0f', 'jamey.wintheiser', '7364fc63-9c43-36a3-8ff9-cbc381c6519c', 8459327, 7, 'Enim modi saepe impedit repellendus autem est corrupti. Non enim in esse incidunt ut sed dolores. Ut', 'Veritatis qui ut voluptatibus quod inventore fugiat alias. Sint atque sapiente omnis repudiandae omn', '1976-06-11 23:43:52', '2000-11-12 10:24:36');
INSERT INTO `order` (`orderId`, `username`, `productId`, `price`, `amount`, `note`, `status`, `created_at`, `updated_at`) VALUES ('c7a8449f-a60c-38fa-985c-9519dcf714c7', 'bosco.timmothy', '81f947cf-3ddb-3282-9cc4-63e3a396ee88', 42682755, 8, 'Dolorem tempore explicabo accusantium eos non commodi provident nulla. Laudantium aut qui aliquam pr', 'Laudantium non adipisci at aspernatur. Vitae ea voluptas sequi natus soluta voluptates. Exercitation', '2008-07-15 05:36:08', '1993-11-13 06:49:31');
INSERT INTO `order` (`orderId`, `username`, `productId`, `price`, `amount`, `note`, `status`, `created_at`, `updated_at`) VALUES ('c81f1dc3-c266-3a84-8dd3-b7806ae03d0f', 'gheaney', 'e1e069ba-8a85-3bf2-a5e4-2686ac144fe6', 28473431, 9, 'Atque ab ut vel sit vel pariatur ab nihil. Doloribus a nemo possimus consequatur. Molestiae quis exp', 'Quos aut culpa dolor repellendus nihil. Deleniti ut consequuntur quas sint voluptatem illo. Ut sunt ', '2000-11-09 11:55:39', '1999-01-19 03:38:41');
INSERT INTO `order` (`orderId`, `username`, `productId`, `price`, `amount`, `note`, `status`, `created_at`, `updated_at`) VALUES ('c8a84aea-32de-36f2-839c-1ec601db4137', 'jovany83', '8c5e4e6d-7dca-3148-9f47-c79b07513c45', 48960287, 5, 'Et molestiae qui eius tempore dolore voluptas earum. Non et natus laboriosam eveniet esse. Nam dolor', 'Aut delectus dolore dolorum tempora. Aliquid ipsa sed adipisci aut beatae suscipit amet. Voluptatibu', '2001-06-18 18:07:28', '1996-01-21 21:16:46');
INSERT INTO `order` (`orderId`, `username`, `productId`, `price`, `amount`, `note`, `status`, `created_at`, `updated_at`) VALUES ('ce76e5e6-993b-3060-8f49-ad57d64737c3', 'celia.romaguera', '41ae0a29-fd97-3d60-95b6-f0c0a49b5007', 19580741, 8, 'Porro atque illum aut et magnam. Nihil beatae velit doloremque consectetur id. Aliquam unde non numq', 'Facilis voluptatibus ipsum sequi voluptatem. Modi vitae sed quibusdam blanditiis sit non. Rerum qui ', '1984-09-04 18:33:05', '1993-12-16 04:54:23');
INSERT INTO `order` (`orderId`, `username`, `productId`, `price`, `amount`, `note`, `status`, `created_at`, `updated_at`) VALUES ('cecca0d4-0fad-39ec-8277-44080bd25072', 'bosco.timmothy', '40da1a6a-c932-3f10-83da-353fe47b967b', 45300920, 1, 'Veniam molestias temporibus cum accusantium. Dolorem aliquam recusandae repudiandae et error consequ', 'Ea molestiae nihil et. Omnis nemo dolores natus aspernatur quia iusto officia laborum. Nostrum expli', '2001-11-20 07:11:38', '2009-01-09 22:42:47');
INSERT INTO `order` (`orderId`, `username`, `productId`, `price`, `amount`, `note`, `status`, `created_at`, `updated_at`) VALUES ('cf821d45-2c6e-3314-a1ed-a1ae2801b31c', 'rosetta.harber', 'e47da152-721b-3b62-b5db-23f6160556fa', 7235591, 3, 'Molestiae nesciunt voluptatem deserunt iusto deserunt doloremque voluptatum. Rerum dolorum corrupti ', 'Ut sit maiores quos ipsum. Nisi adipisci est dicta aut. Tempora voluptatem reiciendis et voluptate d', '1989-11-30 06:32:13', '1987-12-05 19:38:38');
INSERT INTO `order` (`orderId`, `username`, `productId`, `price`, `amount`, `note`, `status`, `created_at`, `updated_at`) VALUES ('cf8a4ef4-d683-31ef-bd07-1814ab975f07', 'allen.kshlerin', 'b3a94496-effb-3208-919e-02991d64b21a', 9821634, 4, 'Impedit et et iusto animi. Incidunt voluptatibus voluptates modi modi aliquid architecto rerum nostr', 'Rerum neque rerum provident vel. Velit in enim autem mollitia. Est consequatur in cumque.', '1996-01-17 03:29:30', '2013-03-31 09:35:05');
INSERT INTO `order` (`orderId`, `username`, `productId`, `price`, `amount`, `note`, `status`, `created_at`, `updated_at`) VALUES ('cff4b8cc-3514-3cbb-b897-a2c7aca9b96b', 'gheaney', '42cc78f6-d812-3bd8-83c8-1290e6c48c86', 20749591, 4, 'Laboriosam facere impedit laudantium earum esse veniam autem. Quae quo necessitatibus deserunt cumqu', 'Quae quibusdam odio blanditiis neque sunt est ea. Ratione modi reiciendis soluta ut.', '1988-12-07 13:19:55', '2012-06-10 01:29:42');
INSERT INTO `order` (`orderId`, `username`, `productId`, `price`, `amount`, `note`, `status`, `created_at`, `updated_at`) VALUES ('d047d5f8-31fc-349e-b9e3-b5e6e6c018ea', 'rosetta.harber', 'ff37d688-aa91-341f-bb3b-38d7f147b801', 34916043, 1, 'Est consectetur blanditiis ex eligendi molestiae. Et est quae exercitationem amet animi laboriosam o', 'Nesciunt pariatur minima sunt aut aperiam eum consequatur. Et enim et veritatis quia consequatur. La', '1982-07-31 20:59:27', '1974-10-17 00:46:54');
INSERT INTO `order` (`orderId`, `username`, `productId`, `price`, `amount`, `note`, `status`, `created_at`, `updated_at`) VALUES ('d086902b-315a-314a-9068-351e0a24e48c', 'bosco.timmothy', '63948d62-6d5c-3325-9e74-2f0c4bffe371', 40433741, 4, 'Est animi fuga in harum sit eligendi. Consequatur sit nesciunt officia dolor et adipisci qui. Corpor', 'Quidem aperiam quod eius odio rerum accusamus sapiente. Rem voluptatem magni quis possimus quisquam ', '2017-03-15 04:24:41', '2000-12-24 00:54:41');
INSERT INTO `order` (`orderId`, `username`, `productId`, `price`, `amount`, `note`, `status`, `created_at`, `updated_at`) VALUES ('d39e4012-1226-3d5e-9746-7cea959d7245', 'allen.kshlerin', 'dc10c831-78a4-35a5-8d2a-a78e3001ee06', 29651908, 4, 'Est voluptatibus voluptas odio et eaque. Nobis officia non perspiciatis. Soluta molestiae veritatis ', 'Ad aut dicta aspernatur voluptas sunt mollitia. Ut similique reprehenderit sed et reiciendis aut sit', '2001-09-19 06:51:24', '1974-07-14 22:56:54');
INSERT INTO `order` (`orderId`, `username`, `productId`, `price`, `amount`, `note`, `status`, `created_at`, `updated_at`) VALUES ('d5a1ad3a-3f9f-3476-9730-eec8d44726a2', 'jovany83', 'c548c749-f750-3b71-8abe-f2d2a65d211d', 23893733, 3, 'Amet doloremque aperiam dolor distinctio. Velit quia enim illum deleniti ipsa iusto quis fugiat. Vol', 'Et ea porro culpa qui. Possimus ipsam accusamus tenetur sit sed voluptates ut quisquam. Alias illo r', '1994-12-13 06:10:11', '1981-07-30 12:27:39');
INSERT INTO `order` (`orderId`, `username`, `productId`, `price`, `amount`, `note`, `status`, `created_at`, `updated_at`) VALUES ('d5fe11d5-78aa-3399-b34a-0061bfe1948b', 'allen.kshlerin', '7ed862bb-4d48-34cc-9078-0392f71a8871', 22351503, 5, 'Molestiae rem consectetur sequi ducimus est. Modi doloremque dolorum veniam nam. Ullam perferendis n', 'Facilis soluta ut iusto quod aut autem cumque. Ipsa voluptas in perspiciatis nihil a sapiente conseq', '2001-03-17 09:24:50', '2019-08-09 19:30:30');
INSERT INTO `order` (`orderId`, `username`, `productId`, `price`, `amount`, `note`, `status`, `created_at`, `updated_at`) VALUES ('d6ace518-4396-386b-8611-37e232458d52', 'esteban.oberbrunner', 'bc780b53-ac93-3500-90c8-fc1bf3c1f937', 7773933, 7, 'Aut cum similique provident vitae minus harum nisi. Excepturi molestias porro quo. Aperiam rerum eiu', 'Quos adipisci est doloribus architecto rerum. Nostrum earum alias iure quibusdam quasi numquam conse', '1997-01-20 01:01:58', '1980-12-01 03:45:56');
INSERT INTO `order` (`orderId`, `username`, `productId`, `price`, `amount`, `note`, `status`, `created_at`, `updated_at`) VALUES ('d73cef0e-3460-3bad-a013-1e446e271d25', 'rosetta.harber', 'd8b5df54-a366-34c9-8f87-5458c29a2fd3', 38428518, 4, 'Voluptatem omnis aut dicta est iusto quis voluptas ipsa. Tempora dolorum earum laborum beatae velit ', 'Enim nulla suscipit voluptas velit qui non. Minima minus consequuntur nihil voluptatibus et. Sit sed', '2019-02-10 06:46:24', '1984-04-11 10:59:10');
INSERT INTO `order` (`orderId`, `username`, `productId`, `price`, `amount`, `note`, `status`, `created_at`, `updated_at`) VALUES ('d92c8cd8-036f-3c0d-a413-e19c3369d81e', 'bosco.timmothy', '489cbeab-599b-387a-a336-57b5f6483355', 45675731, 7, 'Eius voluptate mollitia impedit repudiandae omnis distinctio tempore. Sed doloribus quis dolores odi', 'Id sed itaque illum quasi accusamus culpa. Autem illum qui itaque et. Dolores consequatur et aliquam', '1998-07-01 13:16:15', '1972-04-17 06:44:21');
INSERT INTO `order` (`orderId`, `username`, `productId`, `price`, `amount`, `note`, `status`, `created_at`, `updated_at`) VALUES ('db2af88e-664b-3536-ae5d-dbeebcffa499', 'allen.kshlerin', '473acdc0-abc7-3dc3-83df-680d71697107', 17930592, 3, 'Nemo soluta rerum quas labore. Eaque quam et maiores ut quis est. Et id minus aliquam omnis.', 'Veniam doloribus quisquam consequuntur est impedit sapiente. Consequatur in qui vitae laudantium rep', '1974-09-14 18:38:46', '1978-10-29 08:16:31');
INSERT INTO `order` (`orderId`, `username`, `productId`, `price`, `amount`, `note`, `status`, `created_at`, `updated_at`) VALUES ('de3e222b-76da-3e2b-8a5d-54ecad89e8a9', 'jwisoky', '8d615df1-bd20-3be7-89c6-5c8a043862d7', 4910571, 4, 'Perspiciatis nesciunt qui in quod. Autem qui eos architecto temporibus voluptas enim. Sit dolorem ma', 'Voluptatum repellendus ea quo aliquid assumenda. Sequi eum tempora eos voluptate et porro perferendi', '2009-01-16 21:06:28', '1978-11-30 18:41:46');
INSERT INTO `order` (`orderId`, `username`, `productId`, `price`, `amount`, `note`, `status`, `created_at`, `updated_at`) VALUES ('e366b64d-8d1f-3fe0-9d1e-9861301bf652', 'jamey.wintheiser', 'c34719bc-939b-3202-9e71-54b2fffcb347', 27793228, 9, 'Quia aut perspiciatis explicabo id autem. Cupiditate ratione doloremque vitae vel rerum ad sed sit. ', 'Sit quisquam recusandae rerum iusto. Magni nobis rerum dolores repudiandae dolorum ut et rerum. Quia', '1972-04-25 17:46:10', '1991-02-17 19:37:43');
INSERT INTO `order` (`orderId`, `username`, `productId`, `price`, `amount`, `note`, `status`, `created_at`, `updated_at`) VALUES ('e49a026c-1764-3b26-a003-6ab403a39bc4', 'celia.romaguera', '669b055b-41da-37ac-9029-6820d930e36a', 30817576, 2, 'Aut omnis eos rem ullam. Numquam corrupti impedit deserunt dolor velit velit. Omnis deleniti ut exce', 'Voluptates quam soluta eveniet quam. Consequatur esse tempora qui dolorem. Voluptas itaque architect', '1992-07-08 17:21:03', '2010-05-17 11:45:48');
INSERT INTO `order` (`orderId`, `username`, `productId`, `price`, `amount`, `note`, `status`, `created_at`, `updated_at`) VALUES ('e54062d6-523b-3c53-88b5-8076f86f3ca9', 'esteban.oberbrunner', '68de12bc-ce79-32e0-89f0-e10c8a276432', 13469717, 6, 'Quaerat deserunt accusamus cum porro. Sit tenetur ad velit accusamus. Veritatis occaecati vel esse t', 'Consequatur ab ut fugit nihil aut consequatur eos. Eius pariatur voluptatem sed ratione libero eum q', '1998-04-09 12:04:02', '1977-11-19 08:09:32');
INSERT INTO `order` (`orderId`, `username`, `productId`, `price`, `amount`, `note`, `status`, `created_at`, `updated_at`) VALUES ('e777fe38-091c-3008-b7db-793ffff6f418', 'gheaney', 'a89badc0-32d6-3365-bee7-b2e7cdd9b1fe', 2789661, 7, 'Doloribus libero aut fugit quia aut laudantium explicabo. Et id placeat labore dolores voluptas aper', 'Dolor unde et vel ducimus. Velit et odit ut perspiciatis. Dolorum debitis itaque sequi magni ratione', '2010-06-02 23:36:08', '1980-03-07 22:41:39');
INSERT INTO `order` (`orderId`, `username`, `productId`, `price`, `amount`, `note`, `status`, `created_at`, `updated_at`) VALUES ('e7bb177a-36ef-31a5-87c8-68a7b7b5d2c8', 'lowe.makenzie', '39a87279-50ab-37a1-9ec9-a2208325ce8d', 47174490, 4, 'Nihil blanditiis saepe praesentium eum dolorum nam eum. Impedit et tempore atque nostrum omnis. Minu', 'Consectetur repudiandae unde qui ea ab veniam. Molestiae qui et et voluptas soluta et voluptas delen', '1986-07-20 17:28:41', '1972-02-28 05:22:21');
INSERT INTO `order` (`orderId`, `username`, `productId`, `price`, `amount`, `note`, `status`, `created_at`, `updated_at`) VALUES ('e86c8239-d8a6-3d84-a8c1-f669ed833389', 'gheaney', '89e68360-fa71-3628-a7a0-9452458e5a66', 44929061, 1, 'Numquam animi doloribus voluptatum qui. Sed qui nostrum tempore ducimus.', 'Reiciendis libero aut in a. Exercitationem porro ut dolorem odio nemo voluptate. Qui tempore dolor i', '1990-12-18 08:23:10', '2006-05-25 10:01:46');
INSERT INTO `order` (`orderId`, `username`, `productId`, `price`, `amount`, `note`, `status`, `created_at`, `updated_at`) VALUES ('e9b7e789-9eff-3456-b56d-217ec5427aa5', 'bosco.timmothy', '093ed0ea-74a5-3c77-a20e-0cf31bafd0f6', 37129432, 4, 'Nostrum animi non doloremque id sit. Veniam sit velit consequatur doloribus velit. Eius deserunt aut', 'Molestiae rerum aut sint deleniti vel. Quas magnam earum sint dicta quisquam veritatis.', '2015-05-14 08:03:18', '2001-04-28 13:10:51');
INSERT INTO `order` (`orderId`, `username`, `productId`, `price`, `amount`, `note`, `status`, `created_at`, `updated_at`) VALUES ('ec1630e3-a8db-3271-bc8e-f66e223cc5af', 'allen.kshlerin', '7ed862bb-4d48-34cc-9078-0392f71a8871', 36144413, 4, 'Nulla magnam et illum tempore voluptatibus quos harum. In qui sapiente ut ipsum. Aspernatur atque qu', 'Iste optio numquam ut commodi fugit atque consectetur. Ut explicabo at quia aut quasi.', '2014-12-04 15:18:41', '1980-06-28 07:09:30');
INSERT INTO `order` (`orderId`, `username`, `productId`, `price`, `amount`, `note`, `status`, `created_at`, `updated_at`) VALUES ('ed7fa899-7cd1-321f-b828-fd6026904f3c', 'jamey.wintheiser', 'aa637047-bbc0-3ffb-90a7-8a9d88aeca3f', 47294879, 9, 'Consectetur autem ipsam repellat provident quis aperiam excepturi. Totam non inventore suscipit qui.', 'Quo itaque ut deleniti aspernatur vero modi consequatur ut. Et voluptas sint quia veniam vel non nec', '2001-04-09 06:23:22', '1971-10-25 13:22:40');
INSERT INTO `order` (`orderId`, `username`, `productId`, `price`, `amount`, `note`, `status`, `created_at`, `updated_at`) VALUES ('eda2077b-3c7f-387e-b5b5-bb08f803cb8c', 'jovany83', 'b09c8211-9532-3237-baed-698ad0f4163c', 20928817, 8, 'Officia sapiente saepe consequatur at voluptatum illum et. Inventore totam laudantium dolor quia sed', 'Et similique ea sed eum in recusandae. Vel ipsam ducimus aliquid quis. Id similique omnis unde volup', '1990-05-22 17:10:06', '1983-01-19 03:01:22');
INSERT INTO `order` (`orderId`, `username`, `productId`, `price`, `amount`, `note`, `status`, `created_at`, `updated_at`) VALUES ('ee784596-c38c-36ab-91f7-ef5bfca82e6e', 'esteban.oberbrunner', '41b9bc26-6224-3ce0-9cb2-fe8ab218e3f3', 38888992, 1, 'Aut ut cumque ut pariatur. Ut voluptates aut sed aperiam. Quo eum et molestiae. Itaque eum nesciunt ', 'Voluptatem aspernatur hic eaque iste repudiandae. Perspiciatis quas maxime veniam maxime eligendi al', '1979-04-14 15:49:00', '1974-12-27 07:42:08');
INSERT INTO `order` (`orderId`, `username`, `productId`, `price`, `amount`, `note`, `status`, `created_at`, `updated_at`) VALUES ('eed10a16-1fbd-361b-8e7a-c18c3864629a', 'jovany83', '55372bf9-5594-3cc1-a70f-0d1f3010cdeb', 23905915, 7, 'Quibusdam accusantium sequi incidunt qui consequatur esse nihil commodi. Temporibus magni sunt asper', 'Nihil vero sed corrupti quas neque enim repudiandae. Aut qui sequi odit aut accusamus. Voluptates qu', '1970-09-06 00:25:17', '1998-09-01 18:27:16');
INSERT INTO `order` (`orderId`, `username`, `productId`, `price`, `amount`, `note`, `status`, `created_at`, `updated_at`) VALUES ('f33c9f63-5c78-36a4-8d4e-1d7632921436', 'allen.kshlerin', '08d19763-6d6d-3435-8c00-b56efb178303', 23976921, 3, 'Adipisci maxime et minima. Facilis consequatur natus vero asperiores. Et enim consectetur a eum earu', 'Soluta odit id necessitatibus harum occaecati excepturi. Enim iusto a rerum. Qui velit deserunt simi', '1990-05-02 09:13:56', '2004-06-28 15:02:02');
INSERT INTO `order` (`orderId`, `username`, `productId`, `price`, `amount`, `note`, `status`, `created_at`, `updated_at`) VALUES ('f467f53d-2801-323b-9cf6-9151547f5ef1', 'rosetta.harber', '45eccf7b-da63-339b-93f8-c96dc6ab4fdf', 38918044, 9, 'Dolorem enim maiores laboriosam qui occaecati voluptatibus ea. Quos magnam magnam placeat officiis i', 'Adipisci et harum officia commodi rem omnis voluptatem. Nobis quia voluptatem deserunt eaque vitae f', '1996-03-15 04:44:28', '2011-05-04 22:08:07');
INSERT INTO `order` (`orderId`, `username`, `productId`, `price`, `amount`, `note`, `status`, `created_at`, `updated_at`) VALUES ('f49acc61-1c0c-3f93-9ea3-adb02f05108a', 'allen.kshlerin', '6048273b-b910-3766-8485-64dcd7c1f51f', 48521417, 8, 'Ut rerum unde quo in non suscipit. Aut minus soluta quia dolor. Sunt molestiae consequatur adipisci ', 'Rem ut nam assumenda. Sunt dolore et libero minus. Vitae possimus perspiciatis earum consequatur err', '2014-08-29 20:59:16', '1993-01-10 23:00:10');
INSERT INTO `order` (`orderId`, `username`, `productId`, `price`, `amount`, `note`, `status`, `created_at`, `updated_at`) VALUES ('f5c7b263-1da8-309f-8fc6-82b29e753306', 'bosco.timmothy', '9813ebc4-e910-3406-a468-d8dbe0bf1186', 20683049, 5, 'Similique aliquam voluptates velit consectetur corporis magnam exercitationem. Aut provident qui nob', 'Ut perspiciatis accusamus vitae et sit omnis cupiditate. Quia consequatur quod explicabo aut. A adip', '1973-10-22 15:48:01', '1990-05-09 16:08:31');
INSERT INTO `order` (`orderId`, `username`, `productId`, `price`, `amount`, `note`, `status`, `created_at`, `updated_at`) VALUES ('f5cb8fd8-5495-3f0c-a6a1-9852d7fbe479', 'allen.kshlerin', '40b334ba-9b7c-3e1c-87c6-7d318695b886', 4488377, 9, 'Quia soluta amet sit. Et aut repudiandae quibusdam at eum quis occaecati. Est quia est officia ipsa.', 'Doloribus nobis odit tenetur aspernatur eligendi et. Consequatur eum qui enim maiores. Non iusto nih', '1994-11-02 06:57:10', '2009-10-29 12:36:45');
INSERT INTO `order` (`orderId`, `username`, `productId`, `price`, `amount`, `note`, `status`, `created_at`, `updated_at`) VALUES ('f6384f1b-d94a-32aa-b0cc-187e78831d15', 'gheaney', '4a6ec5b4-b963-31e5-9272-f241242654d6', 3834331, 3, 'Est reiciendis et et est quod earum. Consequatur asperiores omnis illo culpa. Repellendus molestiae ', 'Dolorum a sunt quaerat et. Commodi tempore quam ullam amet error vel eum. Et eum molestias et eius v', '2010-01-10 19:44:03', '2017-08-25 14:53:18');
INSERT INTO `order` (`orderId`, `username`, `productId`, `price`, `amount`, `note`, `status`, `created_at`, `updated_at`) VALUES ('f6780f99-8a10-3aab-bfb7-43286b3b2446', 'jwisoky', 'e358ee81-bfc6-3c99-b553-bed6675673a7', 23434177, 3, 'Excepturi eum officiis et debitis in voluptates dolorem repellat. Molestias ut tempore corporis dese', 'Rem beatae eum quia veniam quis et quod sapiente. Qui quam nostrum vitae et laboriosam. Sit temporib', '1999-08-11 15:12:35', '2000-12-09 09:43:49');
INSERT INTO `order` (`orderId`, `username`, `productId`, `price`, `amount`, `note`, `status`, `created_at`, `updated_at`) VALUES ('f6e6f94b-8011-3b16-8912-869073db6d9e', 'celia.romaguera', 'a37689d4-8e05-3e76-91b8-5106fddb807a', 1689512, 8, 'Et asperiores eveniet possimus eligendi aspernatur. Incidunt aut sapiente quod accusamus consectetur', 'Reprehenderit tempora necessitatibus occaecati provident. Dolor beatae tenetur ipsam enim. Est id au', '1996-12-25 08:15:56', '1977-01-30 02:03:50');
INSERT INTO `order` (`orderId`, `username`, `productId`, `price`, `amount`, `note`, `status`, `created_at`, `updated_at`) VALUES ('f958b288-9e14-3cf7-97a4-d5cbd3483387', 'allen.kshlerin', 'b3a94496-effb-3208-919e-02991d64b21a', 48826361, 3, 'Facilis eveniet quae molestiae est in. Consequuntur rem non et id sunt rerum sunt. Ut provident quis', 'Omnis dolore quis aut officia et facilis. Rerum nesciunt quo nihil voluptatem qui. At hic rerum dolo', '1995-01-09 14:08:08', '1990-02-03 16:33:37');
INSERT INTO `order` (`orderId`, `username`, `productId`, `price`, `amount`, `note`, `status`, `created_at`, `updated_at`) VALUES ('fb064352-4bf7-3545-8256-f1b01b8a86f2', 'allen.kshlerin', '40b334ba-9b7c-3e1c-87c6-7d318695b886', 13044758, 1, 'Ex porro similique deleniti totam. Amet possimus odit quia enim explicabo dolor. Et perspiciatis qui', 'Dolorem voluptatem eum cum ipsam maiores. Atque ut non voluptatem accusamus aut voluptatum sunt. Qui', '2001-07-31 22:42:06', '2018-05-25 15:46:08');
INSERT INTO `order` (`orderId`, `username`, `productId`, `price`, `amount`, `note`, `status`, `created_at`, `updated_at`) VALUES ('fbfb9ce1-9b1a-3c53-aa77-9d528d4b8f14', 'jamey.wintheiser', 'c34719bc-939b-3202-9e71-54b2fffcb347', 29008268, 9, 'Dolor officiis nulla libero culpa architecto. Provident omnis non et tempore quidem enim.', 'Itaque nisi aut ab quis. Facere est dolorem placeat veritatis eveniet placeat culpa. Eos quidem pers', '1983-10-05 05:55:41', '1976-12-25 09:56:39');
INSERT INTO `order` (`orderId`, `username`, `productId`, `price`, `amount`, `note`, `status`, `created_at`, `updated_at`) VALUES ('fc7eed92-cc67-3489-a16c-ef009c325663', 'gheaney', 'f0969e04-4cda-335a-820e-6b5ad0cf2d49', 28055161, 2, 'Asperiores voluptas vel voluptas et. Aut natus voluptatem quis architecto deserunt. Laborum quo sit ', 'Adipisci quae suscipit fugiat cum est tenetur. Ea et voluptate quos doloremque tempore aliquam simil', '1998-05-31 06:55:03', '1984-08-02 13:33:32');
INSERT INTO `order` (`orderId`, `username`, `productId`, `price`, `amount`, `note`, `status`, `created_at`, `updated_at`) VALUES ('fd366548-790c-36e2-937c-62da51d80bfd', 'jwisoky', 'e358ee81-bfc6-3c99-b553-bed6675673a7', 1188877, 3, 'Maiores eius recusandae est culpa sunt iure ducimus. Quia sit rerum eum ut. Facilis perspiciatis quo', 'Atque dolor ut veniam facilis incidunt. Sed labore quae ad sint eveniet similique. Beatae repudianda', '1985-09-19 13:58:49', '2008-11-29 02:02:20');
INSERT INTO `order` (`orderId`, `username`, `productId`, `price`, `amount`, `note`, `status`, `created_at`, `updated_at`) VALUES ('fe9552b2-24d4-3472-b282-dd055746c0a0', 'jovany83', '74142fde-6c93-3d37-bf53-ac918be56a4d', 11912953, 8, 'Blanditiis architecto neque vel omnis dolorem assumenda. Est non illo aut deleniti qui doloribus. Mo', 'Non molestiae et molestiae doloremque. Enim et consequatur dolorem nulla quo et. Eos ut sit enim.', '2012-02-25 18:00:28', '2009-02-23 10:36:26');
INSERT INTO `order` (`orderId`, `username`, `productId`, `price`, `amount`, `note`, `status`, `created_at`, `updated_at`) VALUES ('ff6ed574-c6d6-3015-880c-a7cfd35fc160', 'rosetta.harber', '7a0022e7-b272-314d-9512-986af166fd6d', 47947623, 3, 'Numquam praesentium provident doloremque consequatur voluptatem dolorem. Molestias officia eaque sap', 'At id aut explicabo distinctio beatae. Sed molestiae odit et magni occaecati. Qui modi dolores vel i', '1978-05-08 14:20:30', '1987-12-18 01:23:38');
INSERT INTO `order` (`orderId`, `username`, `productId`, `price`, `amount`, `note`, `status`, `created_at`, `updated_at`) VALUES ('fffc6049-b7af-3a6e-bcc9-734c5041057b', 'bosco.timmothy', '9813ebc4-e910-3406-a468-d8dbe0bf1186', 44214759, 2, 'Sit ut dolorem non sunt doloremque consequuntur. Nulla et consequuntur voluptatem ipsa sit. Sint max', 'Et dolor et architecto culpa fuga nemo. Cupiditate odit odit eum illum. Adipisci illum eligendi occa', '2000-12-25 14:32:11', '1973-08-08 21:29:38');

