-- Generation time: Sat, 08 Aug 2020 04:21:45 +0000
-- Host: mysql.hostinger.ro
-- DB name: u574849695_23
/*!40030 SET NAMES UTF8 */;
/*!40101 SET @OLD_CHARACTER_SET_CLIENT=@@CHARACTER_SET_CLIENT */;
/*!40101 SET @OLD_CHARACTER_SET_RESULTS=@@CHARACTER_SET_RESULTS */;
/*!40101 SET @OLD_COLLATION_CONNECTION=@@COLLATION_CONNECTION */;
/*!40103 SET @OLD_TIME_ZONE=@@TIME_ZONE */;
/*!40103 SET TIME_ZONE='+00:00' */;
/*!40014 SET @OLD_UNIQUE_CHECKS=@@UNIQUE_CHECKS, UNIQUE_CHECKS=0 */;
/*!40014 SET @OLD_FOREIGN_KEY_CHECKS=@@FOREIGN_KEY_CHECKS, FOREIGN_KEY_CHECKS=0 */;
/*!40101 SET @OLD_SQL_MODE=@@SQL_MODE, SQL_MODE='NO_AUTO_VALUE_ON_ZERO' */;
/*!40111 SET @OLD_SQL_NOTES=@@SQL_NOTES, SQL_NOTES=0 */;

DROP TABLE IF EXISTS `checkin`;
CREATE TABLE `checkin` (
  `checkinId` varchar(100) CHARACTER SET utf8 NOT NULL,
  `hotelId` varchar(100) CHARACTER SET utf8 DEFAULT NULL,
  `customerId` varchar(100) CHARACTER SET utf8 DEFAULT NULL,
  `roomNumber` varchar(100) CHARACTER SET utf8 DEFAULT NULL,
  `checkin_at` timestamp NOT NULL DEFAULT current_timestamp(),
  `checkout_at` date DEFAULT NULL,
  PRIMARY KEY (`checkinId`),
  KEY `hotelId` (`hotelId`),
  KEY `customerId` (`customerId`),
  KEY `roomNumber` (`roomNumber`),
  CONSTRAINT `checkin_ibfk_1` FOREIGN KEY (`hotelId`) REFERENCES `hotel` (`hotelId`),
  CONSTRAINT `checkin_ibfk_2` FOREIGN KEY (`customerId`) REFERENCES `customer` (`customerId`),
  CONSTRAINT `checkin_ibfk_3` FOREIGN KEY (`roomNumber`) REFERENCES `room` (`roomNumber`)
) ENGINE=InnoDB DEFAULT CHARSET=utf8 COLLATE=utf8_unicode_ci;

INSERT INTO `checkin` VALUES ('03697966-de3f-3a0b-ac21-741d1716ab42','434c3fe5-87fe-309a-8653-8702ca5e1181','47348cc4-0bad-3161-b364-297bec6548dc','358','2011-09-03 20:40:25','1993-09-15'),
('03f392d3-df9f-346f-bb50-2eea16aaa9bb','2adbe71e-af0e-3d11-a8fd-36f533aedb91','203627d3-021d-37ac-b939-74fd76c4fb51','125','1971-09-20 22:22:02','1993-04-23'),
('05031875-73af-37e7-894a-1859241e4b41','6c776e5e-0ab0-395a-88b0-4eba35df5a65','6612678b-23a7-399d-a8d9-4dcc1b569eb6','490','1984-12-09 01:12:54','2000-12-30'),
('0852ef0d-03d0-338f-aaa2-c7c32176113d','ba1c4ed7-430c-3a51-9271-5e96278292a3','c2525543-e576-32ce-8d54-1d09a385a004','796','2019-04-07 13:03:01','1989-06-11'),
('09d22e0e-be2c-39b5-8639-7cc54b067f99','2610352f-9542-3343-bd6e-05c444912bf6','1ed19d55-d943-3ffb-8fef-c01178a92c15','116','1972-12-10 01:59:31','2018-08-20'),
('0a4ecc0d-805a-332c-b05e-7de2977065d0','b9a956a9-2179-3097-97b3-966a4dafb5b9','c197737b-5d31-3a5a-8983-e1396f303cd0','786','1989-10-23 11:14:42','2016-01-01'),
('1218307a-9bc8-379d-b3ba-7808d5a09563','2f970f35-4361-31ec-94f3-f313a12f49e8','2aad905f-56a0-3107-b00e-177e0dff35a1','170','2017-05-04 05:39:16','1991-12-03'),
('14331ec3-db04-3262-8a67-ed020f65a78c','80f2d9b8-ea8b-31a2-9a7e-8d4ae6c82ad9','97ea4a31-7478-3a82-9ca8-f5eacc6cbea1','627','1980-03-28 09:42:19','2008-07-29'),
('1911e53b-0c59-3e8d-b323-6f7a9d4be278','692da52c-321c-3679-ac42-a65828b3a21d','64e968d9-613f-322b-abe5-97fb93bbf198','487','2010-02-12 08:20:52','1994-08-10'),
('1c305475-c36c-3f55-a538-d6f0c1d0f19a','a300fe4d-8e34-3152-8cc9-f1f915a6bf02','a731b99b-f95b-337d-88d2-f21d24cca681','720','2020-04-12 22:17:04','2007-12-29'),
('1c76e999-f92a-35c8-981f-d7ad0df725d8','aab1fc96-d5a6-336a-aeee-d0a920ca2380','b34fda08-6910-369f-b2c7-9e335f6c3b1a','735','1971-05-02 23:30:01','1975-11-06'),
('240c914c-b9ce-3f40-8be8-c34d03660337','308951eb-a8ce-34ee-927f-f38ac5fc67b5','2c8653c5-3ae4-3c5b-9bd8-9db9a9b8d7fa','173','1983-06-08 02:34:48','2013-03-31'),
('24208479-fc00-337c-8081-2d08c4cdbe47','e702b258-fc95-39e4-a745-dbe5fb1bc177','ebcd1ab2-f1f0-3698-9d92-24a7e3ea09a2','966','2004-08-20 04:05:33','2005-06-25'),
('2a462374-5ada-32a1-950a-cd51e170e53c','4d6a3a0d-2f08-3701-a18c-bd301746c7ae','4ec711f1-352b-366c-a5a0-5dced85d9bd9','404','1999-07-16 06:48:37','1977-03-07'),
('2f2a87ec-f061-3503-92c7-50e28c320e40','730b12bf-13be-33d4-9fc4-b9681091bd06','74901865-a24e-3638-8fe8-c483c7f83c58','552','2017-12-05 00:28:51','1993-02-27'),
('329527e3-6005-3953-8c8e-1e5ff9fa303d','ea6a7e65-a837-3ee6-95c0-30535758d175','f1f213fb-c8b4-3ad9-a83e-91c99949aba5','976','2020-03-23 16:07:50','1970-09-05'),
('32e5893e-5e1e-3b9c-8946-9ff63390e90f','4c8f0b63-9216-3d09-a54e-1827e86352a2','4e9a77b4-8871-3ae8-84d5-58349945e9be','403','1972-09-22 11:18:27','1971-05-22'),
('34e2f46a-ee85-3684-add3-66c54eb4312b','3a992777-7ccf-306e-85f7-dc61658ad506','38a3a597-45b6-33ee-b192-8e2fb07e4768','293','2016-08-31 18:05:23','2013-09-15'),
('37dfc0d0-26a6-35ca-b1c7-e8df87fbaec1','ffc2a013-9d3b-32ae-8cb6-c8cb3c04795f','fb349000-56c6-331f-9237-f623375139f9','999','1982-10-18 18:15:01','1972-12-09'),
('3f9ae52d-3075-3114-9f53-a803e62d7856','1fe245f6-2a44-3106-b47b-83e7d8210eac','19444174-accf-3d18-b9d3-f1d3138370a9','105','2000-06-09 10:34:15','1989-11-21'),
('40a64cf2-378a-39d1-a3b3-337cec94975f','6529b2fa-adaf-3c1b-9a10-641ff1980fa3','6302c9d9-6786-3f3b-9057-f27246cb5542','481','2009-06-15 15:00:38','2004-02-25'),
('45c7400d-7fa6-3ea3-8cd0-6c48f13349dd','08ece41d-b9c8-3fd3-9445-670ba3e02fff','0c247a02-52cc-3289-bb0c-b74e7338746b','076','2016-06-24 11:11:07','1975-07-26'),
('47574e99-8038-3869-8a1e-425fda042d90','c3a16dbe-d445-3e8c-b72e-0ef016beaca3','cfc22a17-736b-3fd7-a994-29089a764f3c','838','2005-10-01 01:31:17','2006-01-11'),
('48d6998d-ad90-387c-8e12-e202b3231e92','7bfed8ed-5b3c-33e1-8522-c10d4549b030','96fc8b35-fdf0-3e62-82bc-60aff8ad2dc2','615','1982-05-01 00:36:26','2015-09-13'),
('4c853860-ddff-36eb-8e92-d8ea691d98d0','71b59952-675f-3c0e-b18b-bfac41f218d6','6b60df91-98a3-3f12-a484-b500b50aed91','545','1979-05-12 14:26:41','2017-08-30'),
('4d2913a1-4fc7-31e8-bfd1-720641d15df7','dcfe4ccd-8948-310f-887c-c519ff26eac7','dec91af0-48a7-3cde-a536-6ab93f694ea2','933','1974-11-04 21:14:54','2000-10-16'),
('4f2b6128-694a-3362-8265-72a6923f1589','3a425f50-ce39-312a-beaf-a6f96f90cd58','382a5811-02a9-330f-8928-90ca1a80b781','263','1991-06-21 21:23:05','2016-11-10'),
('5805447e-103c-3eed-9392-b560dc990a16','6cf2618f-3a47-3942-91f2-cb5387c88009','67da33c7-f4d5-315c-9f46-5e4829b2a835','528','2003-04-26 14:21:48','1984-04-27'),
('59980a0b-450d-303c-8822-d010e2d13274','6ea4fa9a-a067-35b6-b5f0-8d599bdc7852','685f0d44-8874-3848-9b31-a73235c655e7','544','1985-04-26 15:58:20','2010-11-28'),
('5ada661f-d7d3-3395-a305-995eb684cef0','af83f3e8-1661-30b2-8061-bc4828a70ede','b5e0abaf-e388-35a8-b823-92f448692398','761','1986-01-01 07:53:41','2016-11-17'),
('5b519019-2791-37ce-a8f7-f14b9841c77f','956f5690-8965-3130-a7af-89bfabd32f40','9b6af75b-3c27-32a4-adcf-b4f81f03c8b7','701','1982-05-04 07:38:21','2001-08-28'),
('5e85e2e9-abb2-3798-9b89-d43d2722ded9','e2b9c989-c82e-3a37-97c9-be30a47ca4da','ea528060-e0a5-34f4-afd0-725d9e5994bf','946','2003-11-14 17:00:31','1982-12-23'),
('748a06c8-9b72-3f23-b25a-eefdbe9660df','170b978f-de81-38bd-b876-484ac608bb3b','1924869d-9b7b-31ef-8d7b-3a547111aa61','094','1987-08-30 19:21:12','1974-10-21'),
('7616455b-997e-368f-ab11-55d54d404893','13abeb60-c915-39b0-9704-ab7f549e1b52','17ab9f7f-369a-35d3-80a5-94e477d69e57','092','1991-08-22 12:26:58','1999-10-05'),
('764323a0-19bf-3104-8f62-ab66e691c895','fe6466dc-3335-3108-8c90-4a7652cf85b6','f9b6701a-38ea-300d-a508-1efb18e5a530','995','2002-12-27 06:43:21','1983-06-24'),
('77ff6778-7b60-3e1a-837c-33bae5c1cf8e','2e0b7671-bbbc-3b0c-8ca8-71456a4c7da1','282120e6-4377-344f-b62f-2f9512f08378','144','2016-12-05 05:16:55','1984-04-06'),
('78121bf0-2f97-3bca-b8a3-6aba79c51eb5','c6678413-1774-3483-906b-8ea0bf6c5b54','d097225e-10af-3867-85e6-43495d0149ca','839','1984-09-17 04:09:22','1975-05-14'),
('783db28e-9b75-3a27-8528-1985794da423','d54f8126-5d89-3f89-80a1-a693c5a50389','dc167f68-23e5-35f9-a159-4d80875b6219','914','2007-02-05 01:28:08','2018-01-10'),
('7a512914-cbd1-31ad-89aa-16a88c0c44ae','610fbd55-0266-376a-890a-ae08c8fd3ef4','62bdcd59-e9f8-351f-ac4e-03ff9a9614a8','465','1997-02-28 01:23:38','2000-10-12'),
('7e47340e-d8ce-33d0-a38b-a07afbceee3c','ba4495fa-e78c-376b-8e8d-97b91582c63c','c4049b25-d38d-3c8b-afec-fdc961cf293a','798','1995-10-05 11:01:17','2020-07-03'),
('812994f1-a006-3d23-90ff-564a01759d4b','07346844-6bc1-3bf3-bb80-9d9b5a0a91e7','089aca1c-07c3-3783-91b3-fe35f0b8a260','066','1990-12-12 09:18:02','1972-08-21'),
('81d81f0c-652b-39f0-ba9a-fb6ce543652c','2dd9eab2-dba5-3acd-be58-b7a26550ef65','21b433c1-b9f1-3a1f-bc49-ea4732316315','140','2013-12-28 05:35:47','1987-05-07'),
('83e1a4a9-4e4c-31df-8993-30e98f93ab2f','38b88cf8-f8fc-3f4c-b532-de840d576d2d','32ec711e-3494-3077-b8ed-4865b3b82043','261','2008-06-19 19:59:57','2020-04-14'),
('8411a11e-a917-37e5-9853-22431a8cface','731e56cf-cab6-3271-a162-58b755b3f835','7a8887fb-c5d6-39fa-86dc-cb6180bb16b9','561','1994-09-14 14:08:41','2019-04-25'),
('84afe8da-c97c-36c7-b77e-b79f4646ce95','b148eaf3-0b74-31f6-a7ac-45b113ef0d14','b76adf34-ec45-3d5b-b564-ec170fe0c8b8','767','1994-10-08 04:46:32','1988-10-30'),
('8905a73f-87b7-3e6b-8704-0b47865642bc','9f730de1-f8b2-31eb-b322-11f88df466ec','a34ffc64-92fb-33a0-a2ef-c74436abbce9','715','1991-07-27 06:43:09','2004-03-21'),
('8929c6ee-ac3d-3658-8bba-1e1ac3e9d5ae','827e5c23-1309-3c54-8941-b8eceba7fe58','98491d70-536c-381f-814f-a0c10c0f049b','633','1993-08-22 06:07:54','2002-03-31'),
('8a1860c1-774d-3f29-a31a-b86af0ea1420','73173d9b-9b3f-3bf4-9d52-f82db9d98fc5','786b3af2-7da8-3242-883a-e9eed13a5fcb','560','1988-07-10 13:52:03','2008-03-25'),
('8abd2dc6-8349-3eca-bbd3-69c0cfa7c8bf','03b07f58-a271-3939-864d-24991b3a6dfd','051a58b3-bed8-3687-af4f-c14d2d0caa31','012','2015-06-16 21:25:30','1974-03-03'),
('8b68d985-69fc-39a4-b17d-ab4add9adc12','0e94113d-32cf-3eb0-9a76-ec9f86c9ba85','0cf01bfb-7cf9-3717-af52-6fb30b752d9e','080','1982-01-29 05:51:01','2012-05-28'),
('8d916dbb-0ed2-39b1-94f5-ce490752beca','35dc8957-dd3c-3916-b771-138e3ca7f24d','2ddf6f16-a2ea-3370-abfc-8624c4e8fe36','192','1993-12-24 13:04:35','1973-05-15'),
('95c75900-0833-3206-aba1-8e66a65ea24e','2f7a6559-37d4-3b3c-8173-b0ed58c6ff15','29fc1211-e570-3c7f-ac89-5a3670d5de58','153','1991-12-02 16:52:51','2001-12-22'),
('97330b45-2ef0-3f14-8d89-c2685aea7e1f','66cdeeae-9c5a-3127-b845-09d4acaae80b','63a656f4-5a08-3ad0-8459-505aa76482ed','482','1992-02-21 08:58:01','2013-04-29'),
('97e6c086-bcaa-3935-83d9-78fb29621880','0552c17c-d2ad-324e-ba54-eff2d9a5bd5c','05f076c2-170b-350a-9d63-62c3b5ddb946','023','2004-07-15 00:15:48','1999-10-20'),
('989212c8-d979-33b6-8623-85783bd4ae4a','7240ec82-1c5d-3954-a129-345195599c4b','71d0d95b-586c-3dd4-b977-f524a0d21ed8','549','2007-02-18 05:01:44','2019-09-27'),
('98a869df-c522-370b-b708-a972b867da56','740b96b8-c22d-3f62-9ade-6906c2b337dd','8a825e88-c028-34f5-96ac-d73bbc0cfe48','568','1995-04-29 15:46:02','1985-06-06'),
('99ba0b55-5409-383f-af8c-1188e2c3347f','d796bd32-c4c6-3cc2-9bee-d96f668838b0','dc926d02-e654-394c-bb1b-1b043b12c313','923','2015-07-16 09:37:01','1992-01-07'),
('9a988177-8163-3ef0-88f6-211749f7a970','21031d77-d5ed-36b5-ba1d-87a2d8c99476','1985f7eb-0b1c-3ed8-a103-c5182d0bb825','107','1980-08-30 08:06:53','1983-01-26'),
('9d531c3a-cd11-3b63-b366-29330ba6585d','d124107e-10dc-3e14-9fd6-181f01c13ac0','dbcaba37-32ce-3807-b9ac-79d00e5647ad','910','1985-10-23 11:51:54','1979-08-10'),
('9f7578d8-893f-3d51-80ca-6f49cffe16dd','b7336a1f-7fb9-31c9-b229-78802cb0ae03','bb208d97-a71c-3624-b579-29cb9d200a78','782','1971-01-01 04:16:44','1980-08-31'),
('9f786734-9d2c-3e30-a41c-423e9747cb81','3c6bf9c9-24cb-35fc-adc5-5461aa673b96','3ae47289-2dfa-3d65-a237-351cd5bf8117','309','1970-08-28 22:56:03','1982-05-25'),
('9f9f9650-de91-30da-89cb-ec894eeda842','ad305532-bfda-39a7-9ef6-62391f094ad9','b4d8b573-2a5c-39f3-9f47-33df2933757d','736','1973-11-01 17:00:25','2015-04-05'),
('a4a48199-9edc-3d2d-99ae-1d8d5744f49a','a674869a-c635-3cdc-985f-99fc1eb576e8','aa67a633-2e24-36c6-999c-7534f7bc1613','729','2016-11-04 12:49:04','2001-03-31'),
('a68dcbb1-fc59-3539-98fd-6bd58d33ac59','4bf81025-0a58-3975-b3e8-293c15f8a4b0','4e89cd5e-df49-3f0f-873a-11c9a5be4695','396','1975-12-07 02:07:47','1996-01-13'),
('a740a87b-5737-3cbb-9d57-628d0f545c58','df884008-6386-38ed-9d59-d024c2fb1036','e1109b66-d256-3292-abaa-e8f9fe5d377e','942','1995-05-23 09:32:37','2019-10-02'),
('a8b4935c-bed4-338d-b841-1c8a622a08ed','3680f331-1f88-3808-98de-e6e6d5e74dd9','30b0a685-033b-34c7-b162-30fa5e58984c','216','1986-12-03 04:09:27','1991-09-08'),
('abd273e5-409e-305a-a53e-c415b9fc4751','2c796c72-dcb2-3925-8677-a2b71fdbb2d8','2036c74e-3307-33b1-849f-ddb0e6f3d1c3','135','1996-08-02 17:07:11','1977-05-06'),
('b4f7eb14-731a-3abf-9cb0-52b261920637','cabc258c-8b4f-3256-9b7f-192d98d4a2bb','d3ee8e55-0acb-3017-8c97-fa5655463b37','909','1998-04-06 07:15:16','2008-11-07'),
('b7b60cbc-2765-32a0-804a-b1914d82e2f6','979d299f-1882-3bd7-8ced-0cc896df1ff3','9b774572-5d39-3e39-8549-6620b2494a82','712','2006-01-26 17:14:14','1975-11-27'),
('b9035191-32d7-33fc-9675-9d6e2fb22b96','b4dc398b-a8f9-33a8-8f1c-b6c252d08e9c','b770dfd6-e113-334e-a078-2deeb531ef59','781','2003-06-19 16:09:14','1974-02-28'),
('bbe41436-45e8-3c98-8f72-ac37945a8e29','87ded975-9494-376d-9fc7-d12397d02618','9a9ebb2a-8998-36b8-96ea-f1f46a3a1e94','688','1975-05-25 16:51:00','2018-06-21'),
('bc5e0a24-3a8c-378c-a393-860a9c4c0b43','7ad7c3af-7f72-381b-b9cb-3be932455e41','94d91ad1-6321-30c1-bc87-bf846d2375d1','608','1999-02-13 14:39:26','2014-09-05'),
('c7e739e3-7d16-328a-9515-5fdf1b9ba08e','3e534aff-c709-396a-b9f0-621ef271e381','3d402a94-07f4-3a3b-82b5-c6dc7bb5a983','340','1985-06-19 21:13:15','1987-01-31'),
('c8ab8d64-bd51-3de0-be68-80d2165fc06e','e1072033-7d1f-35c2-8d26-c5b12a2e1bcd','e1d84e15-387d-303b-b817-6ef0ce8f565f','945','2016-05-16 01:35:46','2001-03-23'),
('cc06897f-4209-3f07-9dcf-0587a900088d','47c838bd-ef82-3685-a1d2-33fad04114f7','4b8237f5-9ac4-328f-b53e-f180c449a8bb','385','2019-11-03 10:29:38','1990-07-16'),
('cc9d94b8-15ec-3fab-b39b-9d0d3b61484c','77909f69-fbbf-3a3e-9f5d-9a2e5359c7e6','8d283c49-7574-3f94-9b53-c57836bec094','602','2009-10-05 15:44:32','1994-04-22'),
('d1053e08-5cb2-3ef9-88ad-f87bd2b788f8','2441dd8a-f17a-398b-a1a4-81fc5ca6ab02','1cef05cd-d709-3732-a9cb-05678df5be5e','113','1973-01-15 10:52:13','2002-07-31'),
('d2590fdd-6726-3e3a-a347-8723c2b1d3fa','8886be2f-81e9-3056-b2a0-7e8e24be2cb2','9ad2ed4d-baed-392a-b7b5-cbe935526bc1','689','1979-12-27 06:06:42','1985-01-09'),
('d60b2644-a318-3af3-bb17-b0aaa618ac20','5eecce60-8da5-3bb3-bdf1-dd8ca567a32f','5163aab5-7345-3922-ad71-ae2eedd7f5c5','410','2008-03-03 20:53:59','1975-06-19'),
('d6200426-f453-36b1-b1cf-381a7593bdf3','a8f5c2a7-3e93-3535-9e03-0398a9884419','adc949bf-4350-3ca9-9cb4-bf7163a77cc8','730','2011-06-20 14:12:58','2001-08-28'),
('da91d0db-736a-3fdd-9f2a-e9ec605e65cd','f62b428d-bbf5-359f-a4f3-b097cbabfec1','f7641d6a-a05d-305f-b1e9-40504d271eea','989','1978-10-09 02:30:38','1975-01-15'),
('ddbe0c52-cc4b-33e1-8c94-4222bb15090d','8389d6ef-4a47-355c-b58b-36f0e9e0d31d','98f42d71-74d7-3965-8804-756c43b352c8','634','2017-04-16 03:12:13','2013-04-12'),
('deab728e-aca3-3b91-bda3-344073526760','059add51-65c5-32ba-b2bd-a40ee89d34aa','085b1d04-4886-38b5-82f0-669808bb57a3','055','2013-03-01 21:28:31','1975-01-22'),
('e077a8af-42eb-3747-bbb6-4f904ab02d52','0593efaf-9688-3759-b73a-c665974eecb1','0845ccaa-26e4-3c58-9f1f-c97068172704','030','1993-06-11 00:49:00','1973-09-15'),
('e1809865-6ea7-3517-8050-25bc5358cdf9','c7e01ef5-1d61-3e30-94f4-2a3d63a21e39','d2fdb3dd-3a07-3118-996e-61d6a522c734','865','1999-03-29 09:43:55','1978-04-01'),
('e3874c33-60d2-33c8-88f0-7d96902a117d','472f1e1a-c5cf-3d6e-9f91-6d512b1ddce5','49470dca-c924-30a2-86d0-463a7c2aaae4','379','1971-09-21 12:19:40','1986-06-29'),
('e4863f94-c815-340e-adca-c6d970387310','60479bb1-2a12-3667-a99f-4eb085fbfd45','5405a138-1dd4-3a7d-90f9-3aff1f408114','437','1992-07-17 04:46:29','1973-03-31'),
('e81974a8-3d72-3f51-94f1-1bb3f9a8ef81','44d5348e-5c97-3e7e-8297-3c205e8e928e','47a50202-259f-3f91-a8bb-d1b4727bcb4c','375','1975-02-20 21:09:13','2020-02-11'),
('e8e2e1c6-1644-3dff-aec2-48c276eaa943','bc60193a-e40b-3ffb-ae89-66638b30f4fb','cc119e82-6975-35c3-bf9a-46cd99b0d638','836','2020-01-20 09:25:37','1988-04-28'),
('ede17292-f994-3424-a913-7384e1e6b1d5','42ea5d8a-4aa2-3cfa-9e84-054682ebe789','42a9c4de-3ce8-3d3a-9b37-9d4e11565313','351','1970-05-09 07:26:32','1995-05-25'),
('ef1d8b78-0c7c-3703-bf6a-e2d3e64bfac4','3dc0892e-3160-348a-969d-c680f62389ae','3c282e8c-7237-3eb1-b17f-1b32f34c7f8a','324','1974-07-08 11:00:43','2011-11-28'),
('ef678bc7-fe56-3374-bc2c-ac779ed8054e','af7ca877-2cf8-3bb0-aa63-6e2cdaf60be9','b5d68b4e-7290-38c5-b5d0-c52219767d48','738','1984-03-10 01:20:36','1999-07-23'),
('f0f28b50-95d0-3f02-9e26-1ee79e3d1ba2','e968c6dc-614b-3487-a4e4-3a2aa56189e6','ec1a899c-fb14-3548-ac7b-49c7be6dcc36','975','1995-01-18 07:03:30','1988-04-20'),
('f4438246-c434-3ac2-93f8-b98456fb2e53','0f897853-3cc5-3fc3-8384-0a779abc4c29','17a348f3-17d0-37b4-b77d-f79e96cf9cdc','091','1996-09-21 03:41:43','2000-02-14'),
('f57c5a18-40ad-3b43-98d9-8b75078da04d','606b767c-e939-3b6b-96cb-a30bf12e12eb','5fb49a66-806c-3627-89cf-76f8ba6dd6eb','457','1977-07-25 13:24:20','2004-03-26'),
('f65f15d5-2b65-3f40-935b-c8b9fef3aeb4','ea754cb2-a2f7-35da-a39b-7aa5e6dbdb94','f22af3dd-f99d-3af2-ba7a-64629fe9c975','979','1988-09-30 04:03:41','1978-04-09'),
('f6a9ac59-284d-3dd6-9fd2-7104ccf18815','3b851234-7c02-3ed6-816d-4123b3740820','39a3a0c5-c3e3-3fd6-af13-f2d357e9e225','305','1986-12-31 03:59:47','2009-11-30'),
('fe033cbd-d643-3dc0-85d7-388d67a21700','36128053-dbb8-3f8b-88ad-d76a354c6f05','306d4760-338f-3990-9221-566a9add1991','202','2016-07-30 10:38:07','2016-03-19'),
('ff06ffda-91d8-3351-8cee-3e7b12548d54','e328de74-f8f9-3d00-8993-d1185d2558b9','ead3ee36-9ad1-39e3-ac41-515707c85f2d','960','1991-07-14 11:10:28','1985-08-01'),
('ff5f10ff-668c-356f-870c-d238a4fe295f','996112e1-b7df-358e-beea-b36c8cf191d7','a062e012-4356-31c5-b876-3ce83128df3e','713','2000-05-14 21:20:23','2019-12-14'); 


DROP TABLE IF EXISTS `customer`;
CREATE TABLE `customer` (
  `customerId` varchar(100) CHARACTER SET utf8 NOT NULL,
  `name` varchar(100) CHARACTER SET utf8 DEFAULT NULL,
  `customerAddress` varchar(100) CHARACTER SET utf8 DEFAULT NULL,
  PRIMARY KEY (`customerId`)
) ENGINE=InnoDB DEFAULT CHARSET=utf8 COLLATE=utf8_unicode_ci;

INSERT INTO `customer` VALUES ('051a58b3-bed8-3687-af4f-c14d2d0caa31','iste','7161 Langworth Tunnel'),
('05f076c2-170b-350a-9d63-62c3b5ddb946','inventore','03717 Theresia Loop'),
('0845ccaa-26e4-3c58-9f1f-c97068172704','et','64194 Collier Stravenue'),
('085b1d04-4886-38b5-82f0-669808bb57a3','cum','924 Evie Squares Apt. 590'),
('089aca1c-07c3-3783-91b3-fe35f0b8a260','aspernatur','64203 Ward Estates Suite 987'),
('0c247a02-52cc-3289-bb0c-b74e7338746b','qui','043 Kris Ville'),
('0cf01bfb-7cf9-3717-af52-6fb30b752d9e','vero','8196 Flatley Grove'),
('17a348f3-17d0-37b4-b77d-f79e96cf9cdc','tenetur','1539 Steve Stream Apt. 731'),
('17ab9f7f-369a-35d3-80a5-94e477d69e57','magni','43301 Reynolds Plaza'),
('1924869d-9b7b-31ef-8d7b-3a547111aa61','delectus','120 Helmer Canyon Apt. 053'),
('19444174-accf-3d18-b9d3-f1d3138370a9','impedit','8751 Lisette Plain'),
('1985f7eb-0b1c-3ed8-a103-c5182d0bb825','rerum','29652 Raoul Tunnel Apt. 754'),
('1cef05cd-d709-3732-a9cb-05678df5be5e','eos','64867 Bernadette Wall'),
('1ed19d55-d943-3ffb-8fef-c01178a92c15','saepe','02707 Ashtyn Walk Suite 208'),
('203627d3-021d-37ac-b939-74fd76c4fb51','ullam','10148 Clemmie Square Suite 789'),
('2036c74e-3307-33b1-849f-ddb0e6f3d1c3','facere','832 Hassie Unions Apt. 167'),
('21b433c1-b9f1-3a1f-bc49-ea4732316315','dolor','87761 Arvilla Port Apt. 133'),
('282120e6-4377-344f-b62f-2f9512f08378','inventore','880 McKenzie Ports'),
('29fc1211-e570-3c7f-ac89-5a3670d5de58','nostrum','65536 Schuster Causeway'),
('2aad905f-56a0-3107-b00e-177e0dff35a1','molestiae','9186 Ashly Underpass'),
('2c8653c5-3ae4-3c5b-9bd8-9db9a9b8d7fa','autem','95940 Romaguera Port'),
('2ddf6f16-a2ea-3370-abfc-8624c4e8fe36','recusandae','1206 Larson Shores Apt. 907'),
('306d4760-338f-3990-9221-566a9add1991','dicta','632 Brown Place Apt. 781'),
('30b0a685-033b-34c7-b162-30fa5e58984c','voluptate','2155 Enid Camp'),
('32ec711e-3494-3077-b8ed-4865b3b82043','sed','7723 Mafalda Branch'),
('382a5811-02a9-330f-8928-90ca1a80b781','et','1993 Haag Road'),
('38a3a597-45b6-33ee-b192-8e2fb07e4768','aliquid','73156 Miles Center'),
('39a3a0c5-c3e3-3fd6-af13-f2d357e9e225','autem','6956 Kessler Mountain'),
('3ae47289-2dfa-3d65-a237-351cd5bf8117','et','4970 Bashirian Extensions'),
('3c282e8c-7237-3eb1-b17f-1b32f34c7f8a','voluptates','29833 Mohr Fall'),
('3d402a94-07f4-3a3b-82b5-c6dc7bb5a983','incidunt','352 Reilly Overpass'),
('42a9c4de-3ce8-3d3a-9b37-9d4e11565313','voluptatem','8204 Rutherford Lodge'),
('47348cc4-0bad-3161-b364-297bec6548dc','dolores','13489 Reichert Bridge'),
('47a50202-259f-3f91-a8bb-d1b4727bcb4c','consequatur','26191 Gia Burg Suite 840'),
('49470dca-c924-30a2-86d0-463a7c2aaae4','voluptatem','28803 Holly Squares Apt. 785'),
('4b8237f5-9ac4-328f-b53e-f180c449a8bb','aperiam','61491 Robel Rue'),
('4e89cd5e-df49-3f0f-873a-11c9a5be4695','assumenda','383 Casimir Port Suite 183'),
('4e9a77b4-8871-3ae8-84d5-58349945e9be','autem','97380 Jacklyn Ranch'),
('4ec711f1-352b-366c-a5a0-5dced85d9bd9','dolorem','55825 Gorczany Well'),
('5163aab5-7345-3922-ad71-ae2eedd7f5c5','corrupti','25576 Madisyn Keys'),
('5405a138-1dd4-3a7d-90f9-3aff1f408114','enim','7212 Lelah Ramp'),
('5fb49a66-806c-3627-89cf-76f8ba6dd6eb','illo','097 Agustin Fall'),
('62bdcd59-e9f8-351f-ac4e-03ff9a9614a8','dolor','13117 Henderson Locks Apt. 758'),
('6302c9d9-6786-3f3b-9057-f27246cb5542','qui','875 Marjolaine Throughway Apt. 245'),
('63a656f4-5a08-3ad0-8459-505aa76482ed','nemo','16095 Maiya Gateway Apt. 408'),
('64e968d9-613f-322b-abe5-97fb93bbf198','eligendi','88893 Chad Glens Suite 235'),
('6612678b-23a7-399d-a8d9-4dcc1b569eb6','laborum','39872 Miles Bypass Apt. 373'),
('67da33c7-f4d5-315c-9f46-5e4829b2a835','magnam','5084 O\'Reilly Shoals'),
('685f0d44-8874-3848-9b31-a73235c655e7','beatae','1663 Collins Burgs'),
('6b60df91-98a3-3f12-a484-b500b50aed91','ut','7256 Laila Shore Suite 672'),
('71d0d95b-586c-3dd4-b977-f524a0d21ed8','inventore','73738 Bulah Vista Apt. 990'),
('74901865-a24e-3638-8fe8-c483c7f83c58','inventore','3045 Rachel Views'),
('786b3af2-7da8-3242-883a-e9eed13a5fcb','ab','261 Cortez Forge'),
('7a8887fb-c5d6-39fa-86dc-cb6180bb16b9','cumque','9550 Alec Crescent Suite 298'),
('8a825e88-c028-34f5-96ac-d73bbc0cfe48','aliquid','312 Adonis Crescent'),
('8d283c49-7574-3f94-9b53-c57836bec094','debitis','181 Frank Dam'),
('94d91ad1-6321-30c1-bc87-bf846d2375d1','tenetur','019 Sipes Burg Suite 454'),
('96fc8b35-fdf0-3e62-82bc-60aff8ad2dc2','libero','825 Emilio Throughway Suite 093'),
('97ea4a31-7478-3a82-9ca8-f5eacc6cbea1','deserunt','053 Windler Forges Apt. 659'),
('98491d70-536c-381f-814f-a0c10c0f049b','iure','09507 Zechariah Rue Suite 819'),
('98f42d71-74d7-3965-8804-756c43b352c8','ducimus','91133 Silas Walk Suite 674'),
('9a9ebb2a-8998-36b8-96ea-f1f46a3a1e94','adipisci','794 Bonita Squares'),
('9ad2ed4d-baed-392a-b7b5-cbe935526bc1','inventore','6850 Luettgen Stravenue'),
('9b6af75b-3c27-32a4-adcf-b4f81f03c8b7','illo','892 Elmore Glens'),
('9b774572-5d39-3e39-8549-6620b2494a82','voluptatem','05067 Hammes Parkway'),
('a062e012-4356-31c5-b876-3ce83128df3e','enim','59763 Kub Rue Apt. 833'),
('a34ffc64-92fb-33a0-a2ef-c74436abbce9','et','37130 Keebler Shoals'),
('a731b99b-f95b-337d-88d2-f21d24cca681','repellat','538 Roslyn Divide Apt. 067'),
('aa67a633-2e24-36c6-999c-7534f7bc1613','qui','03084 Dooley Mews'),
('adc949bf-4350-3ca9-9cb4-bf7163a77cc8','tenetur','479 Jimmie Mews Suite 005'),
('b34fda08-6910-369f-b2c7-9e335f6c3b1a','laudantium','329 Larkin Green'),
('b4d8b573-2a5c-39f3-9f47-33df2933757d','rerum','925 Hermann Circle Apt. 033'),
('b5d68b4e-7290-38c5-b5d0-c52219767d48','nihil','366 Delta Island Suite 504'),
('b5e0abaf-e388-35a8-b823-92f448692398','officiis','9754 Hintz Courts'),
('b76adf34-ec45-3d5b-b564-ec170fe0c8b8','est','9967 Thea Spur'),
('b770dfd6-e113-334e-a078-2deeb531ef59','molestiae','190 Lucile Light Apt. 911'),
('bb208d97-a71c-3624-b579-29cb9d200a78','fugiat','9291 Gleason Pass'),
('c197737b-5d31-3a5a-8983-e1396f303cd0','tempore','67108 Dietrich Garden Apt. 669'),
('c2525543-e576-32ce-8d54-1d09a385a004','quos','89046 Jamel Rue Apt. 872'),
('c4049b25-d38d-3c8b-afec-fdc961cf293a','aut','40612 Funk Ports Apt. 901'),
('cc119e82-6975-35c3-bf9a-46cd99b0d638','ea','84748 Dixie Pine Suite 415'),
('cfc22a17-736b-3fd7-a994-29089a764f3c','mollitia','014 Walsh Dale'),
('d097225e-10af-3867-85e6-43495d0149ca','dolor','00776 Emil Mall'),
('d2fdb3dd-3a07-3118-996e-61d6a522c734','atque','6065 Zieme Rue'),
('d3ee8e55-0acb-3017-8c97-fa5655463b37','vel','69599 Henriette Streets Apt. 816'),
('dbcaba37-32ce-3807-b9ac-79d00e5647ad','qui','4675 Koepp Falls'),
('dc167f68-23e5-35f9-a159-4d80875b6219','beatae','312 Lang Tunnel'),
('dc926d02-e654-394c-bb1b-1b043b12c313','sunt','967 Bartoletti Shore'),
('dec91af0-48a7-3cde-a536-6ab93f694ea2','ut','2334 Dean Village Apt. 215'),
('e1109b66-d256-3292-abaa-e8f9fe5d377e','corporis','716 Ernestina Crest Suite 567'),
('e1d84e15-387d-303b-b817-6ef0ce8f565f','quos','62930 Reynolds Ville Suite 872'),
('ea528060-e0a5-34f4-afd0-725d9e5994bf','laborum','070 Bailee Junctions Apt. 383'),
('ead3ee36-9ad1-39e3-ac41-515707c85f2d','non','6089 Leonie Knoll'),
('ebcd1ab2-f1f0-3698-9d92-24a7e3ea09a2','in','8417 Trudie Terrace'),
('ec1a899c-fb14-3548-ac7b-49c7be6dcc36','est','52403 Thompson Creek'),
('f1f213fb-c8b4-3ad9-a83e-91c99949aba5','eum','270 Larkin Throughway Apt. 066'),
('f22af3dd-f99d-3af2-ba7a-64629fe9c975','qui','594 Streich Fords Suite 456'),
('f7641d6a-a05d-305f-b1e9-40504d271eea','exercitationem','733 Ankunding Skyway'),
('f9b6701a-38ea-300d-a508-1efb18e5a530','enim','121 Lind Trail'),
('fb349000-56c6-331f-9237-f623375139f9','dicta','10854 Karina Green Apt. 866'); 


DROP TABLE IF EXISTS `hotel`;
CREATE TABLE `hotel` (
  `hotelId` varchar(100) CHARACTER SET utf8 NOT NULL,
  `hotelName` varchar(100) CHARACTER SET utf8 DEFAULT NULL,
  `hotelAddress` varchar(100) CHARACTER SET utf8 DEFAULT NULL,
  PRIMARY KEY (`hotelId`)
) ENGINE=InnoDB DEFAULT CHARSET=utf8 COLLATE=utf8_unicode_ci;

INSERT INTO `hotel` VALUES ('03b07f58-a271-3939-864d-24991b3a6dfd','Nikolaus','88038 Aufderhar Village\nLake Zelmabury, NV 27458-8353'),
('0552c17c-d2ad-324e-ba54-eff2d9a5bd5c','Funk','952 Alana Falls\nWest Leonoraberg, FL 11049-3066'),
('0593efaf-9688-3759-b73a-c665974eecb1','Lakin','0918 Beatrice Drive Apt. 182\nNew Emmitt, MS 25346-3068'),
('059add51-65c5-32ba-b2bd-a40ee89d34aa','Mraz','583 Isaac Streets Suite 793\nHudsonville, MT 83479-9672'),
('07346844-6bc1-3bf3-bb80-9d9b5a0a91e7','Wehner','12954 Leila Squares\nWilkinsontown, TX 93549'),
('08ece41d-b9c8-3fd3-9445-670ba3e02fff','Wisoky','016 Leif View Apt. 530\nPort Jeanettehaven, WI 81185-2128'),
('0e94113d-32cf-3eb0-9a76-ec9f86c9ba85','Williamson','566 Samantha Spur Suite 326\nEast Mariamfort, IL 10310'),
('0f897853-3cc5-3fc3-8384-0a779abc4c29','Wunsch','1365 Ena Passage Apt. 027\nRempelland, AL 80960-9997'),
('13abeb60-c915-39b0-9704-ab7f549e1b52','Bechtelar','56579 Kade Knoll Apt. 893\nMichelburgh, CT 45805-4590'),
('170b978f-de81-38bd-b876-484ac608bb3b','Kulas','06083 Kihn Creek\nMayertown, CT 66061'),
('1fe245f6-2a44-3106-b47b-83e7d8210eac','Kutch','5402 Carter Lodge\nPort Christophefurt, WV 57110-6797'),
('21031d77-d5ed-36b5-ba1d-87a2d8c99476','Marvin','8731 Kane Squares Apt. 842\nNorth Amos, LA 54904-5581'),
('2441dd8a-f17a-398b-a1a4-81fc5ca6ab02','Emmerich','356 Lowe Pines\nLelahchester, CA 29019-9108'),
('2610352f-9542-3343-bd6e-05c444912bf6','Graham','725 Jada Springs\nDurganville, AK 22063'),
('2adbe71e-af0e-3d11-a8fd-36f533aedb91','Spencer','96367 Lubowitz Springs\nSouth Jadon, AK 18000'),
('2c796c72-dcb2-3925-8677-a2b71fdbb2d8','Deckow','12665 Amparo Fords Suite 899\nMayville, TN 14937-7799'),
('2dd9eab2-dba5-3acd-be58-b7a26550ef65','Wyman','1568 Mittie Corners\nSouth Effieport, NH 43737-3257'),
('2e0b7671-bbbc-3b0c-8ca8-71456a4c7da1','Barrows','1988 Nicolas Village\nNew Deanna, IA 35198'),
('2f7a6559-37d4-3b3c-8173-b0ed58c6ff15','Lockman','9941 Hudson Mall Apt. 361\nKhalidfort, NY 64898'),
('2f970f35-4361-31ec-94f3-f313a12f49e8','Bechtelar','67267 Mayert Mountains Suite 486\nNew Justicemouth, TN 59609-6017'),
('308951eb-a8ce-34ee-927f-f38ac5fc67b5','Wyman','2541 Justyn Radial\nRathport, MD 58332'),
('35dc8957-dd3c-3916-b771-138e3ca7f24d','Berge','7385 Aletha Cliffs\nHegmannfurt, SD 09224-1385'),
('36128053-dbb8-3f8b-88ad-d76a354c6f05','Bruen','9080 Casimir Mountains\nKyleighview, IA 25132-4775'),
('3680f331-1f88-3808-98de-e6e6d5e74dd9','Huels','33582 Halvorson Fork Suite 651\nNorth Torreyshire, MA 32500-5737'),
('38b88cf8-f8fc-3f4c-b532-de840d576d2d','Wiegand','592 Botsford Green Suite 035\nEast Waltertown, PA 03877'),
('3a425f50-ce39-312a-beaf-a6f96f90cd58','Bartell','01511 Lacy Shore\nLake Mike, GA 81897'),
('3a992777-7ccf-306e-85f7-dc61658ad506','Hartmann','794 Mayert Fall Apt. 370\nJessieville, MN 03169-6960'),
('3b851234-7c02-3ed6-816d-4123b3740820','Hackett','94392 Crystel Trace Apt. 224\nWest Perryside, IA 21565-2974'),
('3c6bf9c9-24cb-35fc-adc5-5461aa673b96','Jenkins','973 Kessler Forest\nMertzton, LA 68346-9334'),
('3dc0892e-3160-348a-969d-c680f62389ae','Rolfson','1802 Williamson Track\nMosehaven, KS 82908'),
('3e534aff-c709-396a-b9f0-621ef271e381','Volkman','195 Laury Pines\nSouth Alysashire, MA 46408-5814'),
('42ea5d8a-4aa2-3cfa-9e84-054682ebe789','Davis','741 Margaretta Fields\nEast Minnie, HI 50523-8948'),
('434c3fe5-87fe-309a-8653-8702ca5e1181','Wuckert','758 Sylvan Course\nVirginieland, MS 82222-7673'),
('44d5348e-5c97-3e7e-8297-3c205e8e928e','Jacobson','8515 Rempel Freeway\nNew Lance, OR 25491-3984'),
('472f1e1a-c5cf-3d6e-9f91-6d512b1ddce5','Haag','305 Leffler Lakes\nNorth Ozellaville, NJ 47877-7468'),
('47c838bd-ef82-3685-a1d2-33fad04114f7','Bogan','5955 Cora Fields\nNew Lilianamouth, HI 34564-0916'),
('4bf81025-0a58-3975-b3e8-293c15f8a4b0','Green','9432 Murazik Ford Suite 533\nBoganchester, WY 20559-9648'),
('4c8f0b63-9216-3d09-a54e-1827e86352a2','Collier','56537 Lorine Stream Apt. 446\nGabeburgh, UT 94873'),
('4d6a3a0d-2f08-3701-a18c-bd301746c7ae','Ruecker','2412 Roberta Estates\nSouth Josefa, TX 39254'),
('5eecce60-8da5-3bb3-bdf1-dd8ca567a32f','Sipes','4156 Purdy Haven Suite 945\nWest Loraine, CA 96725'),
('60479bb1-2a12-3667-a99f-4eb085fbfd45','Sauer','75911 Bosco Hill\nNorth Vestaland, VA 62450'),
('606b767c-e939-3b6b-96cb-a30bf12e12eb','Considine','3889 Bailee Lock\nLake Robinchester, KY 58132'),
('610fbd55-0266-376a-890a-ae08c8fd3ef4','Lueilwitz','84320 Rachel Plaza\nCronintown, PA 58253-6177'),
('6529b2fa-adaf-3c1b-9a10-641ff1980fa3','Hagenes','773 Weissnat Brook\nNew Gillian, AK 33486'),
('66cdeeae-9c5a-3127-b845-09d4acaae80b','Larkin','94578 O\'Conner Ranch\nRichieborough, MO 20983'),
('692da52c-321c-3679-ac42-a65828b3a21d','Effertz','698 Ryan Camp\nRiceview, DE 37164-4504'),
('6c776e5e-0ab0-395a-88b0-4eba35df5a65','Jast','82422 Crystal Fork Apt. 146\nWaelchimouth, IA 45634'),
('6cf2618f-3a47-3942-91f2-cb5387c88009','Cremin','2530 Jermey Court\nPort Sabrynafort, SC 76373-4077'),
('6ea4fa9a-a067-35b6-b5f0-8d599bdc7852','Toy','44271 Herman Square Apt. 413\nNorth Missouri, CO 75218-1640'),
('71b59952-675f-3c0e-b18b-bfac41f218d6','Thiel','54986 Bernhard Walks Apt. 619\nNew Summerport, MI 69367'),
('7240ec82-1c5d-3954-a129-345195599c4b','Mueller','6935 Kyle Estates\nDaishamouth, CA 09204'),
('730b12bf-13be-33d4-9fc4-b9681091bd06','Rippin','39933 Beier Square\nPort Addiebury, SC 72470'),
('73173d9b-9b3f-3bf4-9d52-f82db9d98fc5','Goldner','42928 Schmeler Orchard\nRollinville, OH 41822-0493'),
('731e56cf-cab6-3271-a162-58b755b3f835','Brakus','83868 Jewel Forges\nBradtkeburgh, MD 98410'),
('740b96b8-c22d-3f62-9ade-6906c2b337dd','Marquardt','8970 Madisen Way\nBraunhaven, OR 03208'),
('77909f69-fbbf-3a3e-9f5d-9a2e5359c7e6','McGlynn','26555 Kadin Motorway Apt. 461\nEast Jessy, CA 21320-8314'),
('7ad7c3af-7f72-381b-b9cb-3be932455e41','Walker','271 Wendell Spring Suite 406\nNorth Brown, SC 93990-9159'),
('7bfed8ed-5b3c-33e1-8522-c10d4549b030','Ruecker','89789 Clyde Ridges\nEast Aletha, RI 46422-4382'),
('80f2d9b8-ea8b-31a2-9a7e-8d4ae6c82ad9','Bergstrom','3643 Mireille Junction Apt. 067\nMannborough, ID 49117-4518'),
('827e5c23-1309-3c54-8941-b8eceba7fe58','Zemlak','173 Preston Ports\nMarielashire, SC 97590'),
('8389d6ef-4a47-355c-b58b-36f0e9e0d31d','Kozey','159 Kunze Rapids\nSouth Marielleborough, MO 60529'),
('87ded975-9494-376d-9fc7-d12397d02618','Hauck','45361 Spinka Greens Apt. 028\nEast Parker, AK 64759'),
('8886be2f-81e9-3056-b2a0-7e8e24be2cb2','Bode','7723 Rowe Rest\nLake Maxine, AK 71070'),
('956f5690-8965-3130-a7af-89bfabd32f40','Lakin','246 Leland Track\nPort Mary, NJ 89623-6771'),
('979d299f-1882-3bd7-8ced-0cc896df1ff3','Jakubowski','742 Federico Port\nMoenport, SD 71529'),
('996112e1-b7df-358e-beea-b36c8cf191d7','Crooks','044 Lubowitz Ways Apt. 166\nWintheiserton, KY 98789-7338'),
('9f730de1-f8b2-31eb-b322-11f88df466ec','Donnelly','5514 Carroll Lake\nNew Allan, NH 05890-5883'),
('a300fe4d-8e34-3152-8cc9-f1f915a6bf02','Champlin','028 Little Mission Apt. 287\nAdonishaven, CO 05585'),
('a674869a-c635-3cdc-985f-99fc1eb576e8','Kilback','1545 Jordon River Apt. 147\nNew Lesleyberg, PA 28163'),
('a8f5c2a7-3e93-3535-9e03-0398a9884419','Lueilwitz','98097 Schulist Causeway Apt. 633\nReneville, DE 55815'),
('aab1fc96-d5a6-336a-aeee-d0a920ca2380','Kassulke','81240 Ian Roads\nWest Kian, WV 66375-9522'),
('ad305532-bfda-39a7-9ef6-62391f094ad9','Fay','260 Adah Cliffs Apt. 566\nCorenestad, NM 58488'),
('af7ca877-2cf8-3bb0-aa63-6e2cdaf60be9','Mante','35784 Nienow Station\nMosciskimouth, TX 86516-5300'),
('af83f3e8-1661-30b2-8061-bc4828a70ede','Abbott','3659 Wisoky Lake Suite 094\nLake Jameymouth, NM 24016'),
('b148eaf3-0b74-31f6-a7ac-45b113ef0d14','Armstrong','43687 Brandi Knolls Suite 995\nHermanmouth, IN 94613-9244'),
('b4dc398b-a8f9-33a8-8f1c-b6c252d08e9c','Franecki','2605 Carter Stravenue Apt. 938\nOralchester, HI 42717'),
('b7336a1f-7fb9-31c9-b229-78802cb0ae03','Bashirian','9008 Blanda Estates\nSouth Anderson, AL 87978-0051'),
('b9a956a9-2179-3097-97b3-966a4dafb5b9','Friesen','193 Lehner Way Apt. 764\nWest Hillaryland, CT 97037'),
('ba1c4ed7-430c-3a51-9271-5e96278292a3','Denesik','245 Harmony Shores\nKrystalport, PA 53301-5178'),
('ba4495fa-e78c-376b-8e8d-97b91582c63c','Wisozk','23783 Gregory Gateway Apt. 243\nNelliechester, NH 13097'),
('bc60193a-e40b-3ffb-ae89-66638b30f4fb','Sipes','8581 Haskell Lodge\nNew Alanis, FL 06007'),
('c3a16dbe-d445-3e8c-b72e-0ef016beaca3','Veum','2400 Frank Ridge\nJuniusbury, OR 95177'),
('c6678413-1774-3483-906b-8ea0bf6c5b54','Krajcik','1987 Dicki Turnpike\nFayburgh, MN 21875'),
('c7e01ef5-1d61-3e30-94f4-2a3d63a21e39','Bechtelar','759 Champlin Mill Suite 614\nNew Cade, WA 05657'),
('cabc258c-8b4f-3256-9b7f-192d98d4a2bb','Lubowitz','465 Hyatt Junction\nSouth Lorenza, MD 99632'),
('d124107e-10dc-3e14-9fd6-181f01c13ac0','Haley','060 Vivian Highway\nKinghaven, CA 49272'),
('d54f8126-5d89-3f89-80a1-a693c5a50389','Baumbach','0922 Jasper Way Apt. 084\nLake Noel, NJ 10203'),
('d796bd32-c4c6-3cc2-9bee-d96f668838b0','Donnelly','092 Daniel Spurs Suite 657\nCroninfort, WI 04392'),
('dcfe4ccd-8948-310f-887c-c519ff26eac7','Schroeder','2922 Cynthia Throughway Suite 004\nWest Noemy, CA 14340-2677'),
('df884008-6386-38ed-9d59-d024c2fb1036','Pollich','182 White Lake Suite 324\nBrekkeside, OR 60662'),
('e1072033-7d1f-35c2-8d26-c5b12a2e1bcd','Bruen','445 Angelica Ports Suite 856\nEast Hallie, DC 39265-9073'),
('e2b9c989-c82e-3a37-97c9-be30a47ca4da','Kessler','621 River Mills\nVeronafort, CT 15819-8466'),
('e328de74-f8f9-3d00-8993-d1185d2558b9','Morissette','57015 Shana Inlet\nEast Franceston, ID 63672'),
('e702b258-fc95-39e4-a745-dbe5fb1bc177','Hackett','49727 Lowe Inlet Apt. 592\nEast Dudley, HI 63642'),
('e968c6dc-614b-3487-a4e4-3a2aa56189e6','Abernathy','261 Mayert Island\nWatsicaton, ID 46209-5215'),
('ea6a7e65-a837-3ee6-95c0-30535758d175','Veum','31033 Kuhn Pike Apt. 063\nNigelmouth, UT 76188-3346'),
('ea754cb2-a2f7-35da-a39b-7aa5e6dbdb94','Wolf','539 Adrian Burgs Suite 721\nPort Paula, MA 25274-2693'),
('f62b428d-bbf5-359f-a4f3-b097cbabfec1','Koelpin','0640 Modesto Loop\nJohnathonmouth, ME 64372-2378'),
('fe6466dc-3335-3108-8c90-4a7652cf85b6','Nikolaus','9675 Tatyana Street\nLake Altown, MD 47227'),
('ffc2a013-9d3b-32ae-8cb6-c8cb3c04795f','Stark','074 Wilkinson Parks\nKuphalhaven, NY 56595'); 


DROP TABLE IF EXISTS `room`;
CREATE TABLE `room` (
  `roomNumber` varchar(5) CHARACTER SET utf8 NOT NULL,
  `hotelId` varchar(100) CHARACTER SET utf8 DEFAULT NULL,
  `roomType` enum('single','twin','triple') COLLATE utf8_unicode_ci DEFAULT NULL,
  `price` int(11) DEFAULT NULL,
  PRIMARY KEY (`roomNumber`),
  KEY `hotelId` (`hotelId`),
  CONSTRAINT `room_fk1` FOREIGN KEY (`hotelId`) REFERENCES `hotel` (`hotelId`)
) ENGINE=InnoDB DEFAULT CHARSET=utf8 COLLATE=utf8_unicode_ci;

INSERT INTO `room` VALUES ('012','b9a956a9-2179-3097-97b3-966a4dafb5b9','twin','536'),
('023','13abeb60-c915-39b0-9704-ab7f549e1b52','twin','0'),
('030','03b07f58-a271-3939-864d-24991b3a6dfd','single','89'),
('055','1fe245f6-2a44-3106-b47b-83e7d8210eac','triple','126'),
('066','7ad7c3af-7f72-381b-b9cb-3be932455e41','twin','57134'),
('076','0552c17c-d2ad-324e-ba54-eff2d9a5bd5c','triple','42098049'),
('080','e328de74-f8f9-3d00-8993-d1185d2558b9','twin','35'),
('091','0e94113d-32cf-3eb0-9a76-ec9f86c9ba85','twin','1'),
('092','c7e01ef5-1d61-3e30-94f4-2a3d63a21e39','twin','2688'),
('094','3dc0892e-3160-348a-969d-c680f62389ae','twin','3'),
('105','6cf2618f-3a47-3942-91f2-cb5387c88009','twin','67'),
('107','fe6466dc-3335-3108-8c90-4a7652cf85b6','single','0'),
('113','80f2d9b8-ea8b-31a2-9a7e-8d4ae6c82ad9','twin','65937'),
('116','3e534aff-c709-396a-b9f0-621ef271e381','twin','487904469'),
('125','610fbd55-0266-376a-890a-ae08c8fd3ef4','single','938045'),
('135','5eecce60-8da5-3bb3-bdf1-dd8ca567a32f','triple','220'),
('140','60479bb1-2a12-3667-a99f-4eb085fbfd45','twin','12304'),
('144','ba4495fa-e78c-376b-8e8d-97b91582c63c','twin','9'),
('153','ea6a7e65-a837-3ee6-95c0-30535758d175','triple','11654287'),
('170','71b59952-675f-3c0e-b18b-bfac41f218d6','twin','5'),
('173','d54f8126-5d89-3f89-80a1-a693c5a50389','triple','1'),
('192','996112e1-b7df-358e-beea-b36c8cf191d7','single','287442081'),
('202','827e5c23-1309-3c54-8941-b8eceba7fe58','twin','2828'),
('216','2c796c72-dcb2-3925-8677-a2b71fdbb2d8','single','3144'),
('261','979d299f-1882-3bd7-8ced-0cc896df1ff3','triple','42'),
('263','170b978f-de81-38bd-b876-484ac608bb3b','single','5466'),
('293','df884008-6386-38ed-9d59-d024c2fb1036','twin','41369'),
('305','42ea5d8a-4aa2-3cfa-9e84-054682ebe789','twin','5838'),
('309','434c3fe5-87fe-309a-8653-8702ca5e1181','triple','195'),
('324','ad305532-bfda-39a7-9ef6-62391f094ad9','twin','150224925'),
('340','2441dd8a-f17a-398b-a1a4-81fc5ca6ab02','single','7'),
('351','b7336a1f-7fb9-31c9-b229-78802cb0ae03','single','24041524'),
('358','af83f3e8-1661-30b2-8061-bc4828a70ede','triple','1497372'),
('375','8886be2f-81e9-3056-b2a0-7e8e24be2cb2','triple','677902'),
('379','6c776e5e-0ab0-395a-88b0-4eba35df5a65','single','1'),
('385','b4dc398b-a8f9-33a8-8f1c-b6c252d08e9c','triple','13003'),
('396','472f1e1a-c5cf-3d6e-9f91-6d512b1ddce5','triple','2593340'),
('403','730b12bf-13be-33d4-9fc4-b9681091bd06','single','49'),
('404','2f7a6559-37d4-3b3c-8173-b0ed58c6ff15','twin','242739'),
('410','2f970f35-4361-31ec-94f3-f313a12f49e8','triple','11104'),
('437','ea754cb2-a2f7-35da-a39b-7aa5e6dbdb94','triple','245'),
('457','0f897853-3cc5-3fc3-8384-0a779abc4c29','triple','60'),
('465','0593efaf-9688-3759-b73a-c665974eecb1','single','10171'),
('481','66cdeeae-9c5a-3127-b845-09d4acaae80b','triple','514343'),
('482','c6678413-1774-3483-906b-8ea0bf6c5b54','triple','0'),
('487','d796bd32-c4c6-3cc2-9bee-d96f668838b0','single','177695'),
('490','308951eb-a8ce-34ee-927f-f38ac5fc67b5','triple','27449'),
('528','e968c6dc-614b-3487-a4e4-3a2aa56189e6','single','548190616'),
('544','a8f5c2a7-3e93-3535-9e03-0398a9884419','twin','296'),
('545','9f730de1-f8b2-31eb-b322-11f88df466ec','triple','617472'),
('549','a674869a-c635-3cdc-985f-99fc1eb576e8','single','21623'),
('552','7bfed8ed-5b3c-33e1-8522-c10d4549b030','triple','0'),
('560','3b851234-7c02-3ed6-816d-4123b3740820','triple','281164'),
('561','38b88cf8-f8fc-3f4c-b532-de840d576d2d','twin','398040'),
('568','606b767c-e939-3b6b-96cb-a30bf12e12eb','triple','392'),
('602','07346844-6bc1-3bf3-bb80-9d9b5a0a91e7','twin','2467'),
('608','e2b9c989-c82e-3a37-97c9-be30a47ca4da','triple','273'),
('615','2dd9eab2-dba5-3acd-be58-b7a26550ef65','twin','1349997'),
('627','3a992777-7ccf-306e-85f7-dc61658ad506','twin','2488382'),
('633','21031d77-d5ed-36b5-ba1d-87a2d8c99476','twin','430'),
('634','c3a16dbe-d445-3e8c-b72e-0ef016beaca3','single','23'),
('688','4d6a3a0d-2f08-3701-a18c-bd301746c7ae','twin','356809'),
('689','aab1fc96-d5a6-336a-aeee-d0a920ca2380','twin','231123'),
('701','35dc8957-dd3c-3916-b771-138e3ca7f24d','twin','0'),
('712','b148eaf3-0b74-31f6-a7ac-45b113ef0d14','twin','45'),
('713','44d5348e-5c97-3e7e-8297-3c205e8e928e','twin','713025'),
('715','4c8f0b63-9216-3d09-a54e-1827e86352a2','triple','31'),
('720','ffc2a013-9d3b-32ae-8cb6-c8cb3c04795f','single','158'),
('729','af7ca877-2cf8-3bb0-aa63-6e2cdaf60be9','single','7'),
('730','692da52c-321c-3679-ac42-a65828b3a21d','single','650125'),
('735','7240ec82-1c5d-3954-a129-345195599c4b','single','103'),
('736','3a425f50-ce39-312a-beaf-a6f96f90cd58','triple','0'),
('738','8389d6ef-4a47-355c-b58b-36f0e9e0d31d','twin','1211768'),
('761','f62b428d-bbf5-359f-a4f3-b097cbabfec1','single','0'),
('767','87ded975-9494-376d-9fc7-d12397d02618','triple','18993998'),
('781','ba1c4ed7-430c-3a51-9271-5e96278292a3','single','2354'),
('782','bc60193a-e40b-3ffb-ae89-66638b30f4fb','twin','3'),
('786','740b96b8-c22d-3f62-9ade-6906c2b337dd','single','61'),
('796','36128053-dbb8-3f8b-88ad-d76a354c6f05','twin','7533'),
('798','059add51-65c5-32ba-b2bd-a40ee89d34aa','twin','9839799'),
('836','73173d9b-9b3f-3bf4-9d52-f82db9d98fc5','single','2'),
('838','e1072033-7d1f-35c2-8d26-c5b12a2e1bcd','twin','10114'),
('839','dcfe4ccd-8948-310f-887c-c519ff26eac7','single','545'),
('865','956f5690-8965-3130-a7af-89bfabd32f40','triple','2'),
('909','e702b258-fc95-39e4-a745-dbe5fb1bc177','single','7'),
('910','6ea4fa9a-a067-35b6-b5f0-8d599bdc7852','twin','30014475'),
('914','4bf81025-0a58-3975-b3e8-293c15f8a4b0','twin','204'),
('923','3680f331-1f88-3808-98de-e6e6d5e74dd9','triple','3564878'),
('933','47c838bd-ef82-3685-a1d2-33fad04114f7','twin','701615'),
('942','2e0b7671-bbbc-3b0c-8ca8-71456a4c7da1','twin','6960270'),
('945','2610352f-9542-3343-bd6e-05c444912bf6','triple','395898183'),
('946','d124107e-10dc-3e14-9fd6-181f01c13ac0','triple','488559461'),
('960','a300fe4d-8e34-3152-8cc9-f1f915a6bf02','single','8'),
('966','3c6bf9c9-24cb-35fc-adc5-5461aa673b96','twin','549891574'),
('975','2adbe71e-af0e-3d11-a8fd-36f533aedb91','twin','0'),
('976','6529b2fa-adaf-3c1b-9a10-641ff1980fa3','single','4'),
('979','08ece41d-b9c8-3fd3-9445-670ba3e02fff','single','478427598'),
('989','cabc258c-8b4f-3256-9b7f-192d98d4a2bb','triple','23352727'),
('995','77909f69-fbbf-3a3e-9f5d-9a2e5359c7e6','twin','596521'),
('999','731e56cf-cab6-3271-a162-58b755b3f835','twin','27412718'); 




/*!40101 SET SQL_MODE=@OLD_SQL_MODE */;
/*!40014 SET FOREIGN_KEY_CHECKS=@OLD_FOREIGN_KEY_CHECKS */;
/*!40014 SET UNIQUE_CHECKS=@OLD_UNIQUE_CHECKS */;
/*!40101 SET CHARACTER_SET_CLIENT=@OLD_CHARACTER_SET_CLIENT */;
/*!40101 SET CHARACTER_SET_RESULTS=@OLD_CHARACTER_SET_RESULTS */;
/*!40101 SET COLLATION_CONNECTION=@OLD_COLLATION_CONNECTION */;
/*!40111 SET SQL_NOTES=@OLD_SQL_NOTES */;

